y_true,y_pred,price,y_proba
1,1,,0.6771912933096929
1,0,14.99,0.41005456946543717
0,0,36.97,0.2749594098742749
1,0,38.99,0.39592649247093137
1,1,63.4,0.6125187079007186
1,1,,0.6845804052821767
0,0,13.8,0.272620046861932
0,0,7.98,0.1841894460830302
0,1,19.33,0.8539786354353386
0,0,48.0,0.31409181436079536
0,0,49.99,0.19511802676595924
1,1,12.19,0.7291732761255838
1,1,14.25,0.8775673473457014
0,0,9.81,0.1305233808253807
1,1,274.2,0.9163557885773169
0,0,8.83,0.35352275758865476
1,1,,0.5088150840615155
1,1,22.98,0.8129026928778186
0,0,17.92,0.22999746784928443
1,1,19.99,0.9297578304232218
1,1,23.58,0.8341552754303513
1,1,9.35,0.7121793915596686
1,0,13.57,0.1892310790894091
0,1,8.99,0.5367748847905333
1,0,10.69,0.3452776538587129
1,1,10.6,0.6721661192415934
1,0,12.66,0.4478075293322933
0,0,28.59,0.28302784813665094
1,1,15.35,0.8989667902613555
0,0,7.39,0.1709905657867071
0,0,10.98,0.1624938753213378
1,1,,0.7691974104628476
0,0,14.19,0.2744822013330518
0,0,15.98,0.2905523235803928
0,0,18.39,0.1790313795890943
0,1,23.72,0.8329824647584025
1,1,13.98,0.8991211498350017
0,0,22.97,0.23165181017010888
1,1,22.49,0.5615927675503317
0,0,12.13,0.303591259862297
0,1,10.77,0.6237602988755967
0,0,9.99,0.150743285281099
1,1,36.49,0.8730448911281555
0,0,13.32,0.4103376086789376
0,0,21.82,0.3408217935616146
1,0,7.27,0.29100026021581776
0,0,9.78,0.1691410954259435
1,1,21.98,0.9425203243418527
0,0,,0.22452332616175577
1,1,21.99,0.8967143560832275
1,1,11.45,0.7132416036044505
0,0,15.98,0.22055699678953167
0,1,,0.5440057388900716
1,1,10.93,0.868307036624519
0,1,13.98,0.664269971770413
0,0,23.49,0.3404313351357328
0,0,,0.20454780344418597
1,1,13.29,0.8310886612666446
0,0,14.72,0.376800651064432
1,1,19.99,0.8807381782138579
0,1,7.98,0.8789462031329619
0,1,15.98,0.5001796734562557
0,0,14.73,0.28078413251696155
0,0,99.98,0.14527764882092142
1,1,46.49,0.5183294472280328
1,0,15.89,0.18712563984166836
0,1,,0.7260226449111509
0,0,23.45,0.18891708333305093
0,0,25.08,0.26251246466779654
0,0,10.1,0.3053906030291709
1,1,23.97,0.761448659740114
0,0,26.99,0.13926233696279458
1,1,9.49,0.5593159734478149
1,0,14.98,0.2860966731695767
1,1,28.04,0.7352527019356976
1,0,,0.4449627332516412
0,0,16.7,0.2449980678747366
1,0,11.98,0.2068292082246651
1,1,12.98,0.8594963183921713
1,1,137.99,0.5280517631218687
1,1,,0.8009333573657023
1,1,13.98,0.822993384903137
1,0,10.57,0.49396471100663936
0,0,,0.18308524854411085
1,1,17.33,0.5462339738437297
0,0,13.36,0.2754056853380852
0,0,,0.2931279092186141
0,0,13.98,0.18237788358690848
1,1,12.99,0.717373729170466
0,0,52.25,0.36469010564416315
0,0,,0.4875245604075646
1,1,40.68,0.6154648109656375
0,0,23.1,0.15559238090549488
0,0,9.99,0.2979426011781059
0,1,33.08,0.5517946371606798
0,0,44.99,0.40294724853979413
1,1,13.99,0.8534622910819418
0,0,2.69,0.20831206065970442
1,0,12.52,0.24962185566263956
0,0,7.94,0.11849548189792225
1,0,24.98,0.17230168449501693
0,0,11.36,0.21858055131364998
1,1,16.98,0.8259811901705245
0,1,249.95,0.5119822824134389
0,0,7.98,0.14989994575094753
1,0,7.98,0.1984214514692258
0,0,13.99,0.20062327637545083
0,1,22.69,0.6468194083696636
0,0,29.99,0.33843177961241305
0,0,12.49,0.4714325866243802
1,1,27.91,0.8713164092292143
0,0,15.98,0.4134320868097106
0,0,7.6,0.11640113061742599
0,0,31.49,0.3234099071201824
1,1,,0.5012989778398307
1,1,7.98,0.7542196422017748
1,1,19.99,0.763987898492238
0,1,34.98,0.5361082892679752
0,0,20.21,0.31715313690582947
1,0,25.93,0.17136270356759842
0,0,6.99,0.18907833901592325
1,1,11.77,0.8434460890466248
0,0,11.19,0.2342539989814056
0,1,23.9,0.5097476367878953
0,0,17.98,0.13397602747581608
1,1,,0.9140240121044155
1,0,14.98,0.4574517725521587
0,0,21.48,0.3143279789112223
1,1,12.69,0.8882776106379741
0,0,8.2,0.20078844587121364
0,0,13.85,0.19083508101021376
0,0,34.94,0.23720719253192177
1,0,27.98,0.280073578629909
0,0,,0.16760770662718766
0,0,,0.19336435480246628
1,1,9.79,0.813576865865559
1,0,12.66,0.466164691967554
0,0,11.99,0.14230557057331647
1,0,34.77,0.3386125618459235
0,0,13.98,0.4097339740071076
0,0,8.23,0.16119462952623695
1,1,13.98,0.9081624312813905
0,0,39.99,0.33302828897387937
1,0,7.98,0.3042071827444877
0,0,20.63,0.21182576032812026
0,0,8.98,0.21685587542461116
1,1,13.98,0.763397824641548
0,1,12.72,0.5320786454115543
1,1,6.99,0.584237980382942
0,1,12.98,0.9266306786430704
1,1,74.67,0.7120806460527728
1,1,,0.6945343933347844
0,1,11.99,0.5096589125825555
0,1,8.2,0.5878320891020388
0,0,17.68,0.1848936376176553
1,1,13.98,0.7921760070245687
1,1,14.99,0.5096362077259907
1,1,23.29,0.7223216201907152
0,0,12.98,0.15394126714913617
1,0,15.99,0.1779340415570393
1,1,13.96,0.657235826078023
1,0,12.04,0.14316668094810067
0,0,189.97,0.42219175710457585
1,1,12.34,0.826964393136588
1,1,7.27,0.818953116403742
0,1,13.5,0.8000093317125315
1,1,,0.5405306221789968
0,1,39.99,0.7471221457572805
0,0,34.9,0.2081494461804983
0,0,7.98,0.26730472827712515
1,0,11.98,0.4967376726916373
0,0,,0.1974912319841691
0,1,12.02,0.6098404938726114
1,0,21.64,0.4729283516609862
0,0,12.98,0.12585943109809702
1,1,,0.9283647782823458
1,1,226.51,0.9081838524059913
1,1,7.07,0.8374256180130989
1,1,32.13,0.6112262818566311
1,1,13.98,0.7731661023658917
0,0,13.98,0.14240556329962156
1,1,17.98,0.7246271609820136
0,0,7.98,0.1452777807313899
1,0,26.99,0.2822180322416413
1,1,,0.6708129423195809
0,0,10.46,0.2408399453661644
0,0,,0.38558486294886085
1,1,29.2,0.7778218559332419
0,0,11.96,0.1928297868048061
0,0,5.74,0.26126030538387324
0,0,11.3,0.2174913189957872
0,0,14.98,0.35837766586765263
1,1,6.2,0.8469957746708123
1,0,,0.4475768970614307
1,0,13.98,0.14116244762288205
0,0,13.98,0.1696848385998291
1,0,11.77,0.2424028363081265
0,1,10.0,0.8854316341836935
0,0,3.94,0.1871996207388393
1,1,15.74,0.8526864442215074
0,0,43.21,0.2800666782860435
0,0,9.97,0.15143912805846915
1,0,12.8,0.39560960761739633
0,1,298.99,0.7959273960686848
1,1,13.42,0.7158290037599595
0,0,5.98,0.10580906729159188
1,1,14.08,0.8420036444185122
0,1,5.98,0.8585375835091743
0,1,35.54,0.6397252462730064
1,0,22.99,0.39297691098352755
1,1,,0.7828940273852475
1,0,11.98,0.36975295672068414
0,0,6.96,0.12140678921403633
0,0,11.98,0.16457548246851975
1,0,,0.29533668449117106
1,1,13.98,0.8208528662386246
0,0,44.96,0.4436046868625291
1,0,11.98,0.3243450349448194
1,1,7.98,0.6104868079776966
0,1,41.69,0.5213396989510393
1,1,12.84,0.8260644661383711
0,0,19.99,0.12178449657495789
1,1,24.16,0.852557508759717
1,0,30.3,0.25770274949386374
0,0,,0.29148876165683346
0,0,10.33,0.1890488727469896
0,0,5.88,0.23913200884119415
0,0,19.24,0.37985240202013637
0,1,,0.5087459178905925
0,0,20.74,0.4969324447083455
1,1,35.14,0.8347502033207224
1,0,25.07,0.2502483572417219
0,0,,0.2651305198668463
0,0,17.98,0.2510990611406861
1,0,29.65,0.44143249302976956
0,0,14.33,0.4438048209134533
1,1,8.01,0.7275983067893338
1,1,46.09,0.8903006465375273
1,1,39.99,0.87905848177929
0,0,17.56,0.24269163316600015
1,1,20.18,0.7722343845576198
0,0,61.0,0.16152394621657645
0,0,14.06,0.25628474253408573
1,0,12.28,0.355145217794405
0,0,13.49,0.18350074914125508
1,0,11.62,0.2812792778878668
0,0,24.99,0.34082096309389287
1,1,18.98,0.923776159730012
1,0,14.98,0.1540262270631584
1,0,23.99,0.4222555072498346
1,1,24.37,0.5205334330256289
0,0,16.99,0.2578084804219767
1,1,18.98,0.8547945406703604
0,0,13.99,0.43829001797510947
0,1,37.04,0.7298160128134493
1,1,13.98,0.5463342213439241
0,0,73.97,0.4330148603316989
0,0,4.97,0.20362031866307184
0,0,,0.21641420605036424
1,1,29.98,0.841261972603907
0,0,28.97,0.2617384531905746
0,1,,0.6368635020259766
0,1,8.68,0.5141731598968036
1,1,18.99,0.8075764697873209
1,1,34.77,0.6275910035648887
0,1,20.85,0.518739420183196
0,0,16.33,0.49731273213553845
1,0,18.79,0.4410928026725488
0,0,7.98,0.15820761482171466
1,0,13.98,0.16554268270652472
0,1,13.83,0.5172514041261701
0,0,25.29,0.44603463130276433
0,1,,0.6629559879556481
0,0,13.98,0.23648299948750473
1,0,11.98,0.328175063426733
0,0,18.79,0.2207794908113613
1,1,13.3,0.5646006633643043
1,0,19.98,0.3481674900074492
0,0,13.98,0.1816461933874285
1,1,19.51,0.8543145053172864
1,1,7.46,0.5691336527687592
1,1,11.98,0.6703036256668399
0,0,129.0,0.20803745210858499
0,0,14.99,0.34861408402891975
0,0,,0.3995755128247746
0,1,14.99,0.6151914911710394
1,1,14.98,0.7178182696475649
0,0,3.0,0.31173997561129163
0,1,17.73,0.5889049772262483
0,0,22.99,0.18441151325505392
1,1,10.98,0.8354536483212422
0,0,17.42,0.15806405310031132
1,1,9.28,0.6480417059859341
1,1,16.31,0.5559537855867581
1,1,18.99,0.9595630244810154
1,1,34.65,0.7210945141763458
0,1,5.5,0.5456824351489517
0,0,17.98,0.19253418542598552
1,1,,0.8265421504147729
1,1,9.75,0.8307730570537412
1,1,133.99,0.7424756206152552
1,0,10.69,0.13319111276798046
0,0,67.02,0.17240846745312385
0,0,7.35,0.2281570894787068
0,0,54.99,0.1527769194198531
1,1,14.98,0.9016039045101686
0,1,18.99,0.9447906179926826
0,0,4.91,0.32197329115520024
1,1,17.32,0.8620546069021136
0,1,,0.6281035850311226
0,1,19.24,0.8519701811645845
1,1,13.98,0.7633824400841204
0,0,,0.11774568814737277
0,0,,0.1866380200384979
1,1,9.28,0.8615232999841318
0,0,12.61,0.1374375797778843
1,1,22.99,0.6698330535960233
0,0,6.06,0.14740745237675537
0,0,69.94,0.15692076317409304
0,1,23.4,0.8069049590959119
0,0,13.95,0.31501776950815036
1,1,16.04,0.6923121137250987
0,0,12.3,0.42359399420636595
1,0,9.98,0.41596187246414323
0,0,21.99,0.17680106551761063
1,0,7.67,0.47688195120440063
0,0,15.69,0.1835109926056367
1,0,22.98,0.3399376745435449
0,0,26.1,0.3941930404440821
1,1,10.72,0.8208010314102082
0,0,8.98,0.3911649937755384
0,0,,0.2931797100172415
1,1,11.98,0.7994714462236632
1,0,7.27,0.2803838631800461
1,1,17.09,0.5568398397155359
1,0,34.91,0.21195362435681747
0,0,32.46,0.14455267465819213
1,1,191.99,0.7996998172077122
0,0,15.97,0.17082193446131047
0,0,42.05,0.3485772236520031
1,1,16.98,0.6909730699067278
0,1,15.98,0.669364703389718
0,0,16.98,0.15431735103269215
1,1,15.79,0.8127927382930411
1,1,11.35,0.6777063448469851
1,1,38.56,0.7398028663262474
1,1,59.48,0.6562399981321849
0,0,,0.38848872198693857
0,0,16.1,0.29176159600589047
1,1,9.49,0.514345623509869
1,0,25.18,0.4433688346860265
1,1,14.69,0.738323299212237
1,1,7.98,0.8873583941900801
1,1,24.15,0.799326005883944
1,0,22.81,0.47366237393457983
0,0,11.99,0.3140000009946625
1,1,11.98,0.7470929220900261
0,0,57.18,0.2155881836559369
0,0,7.29,0.21496843476047844
1,0,12.98,0.23809222386446335
1,1,97.5,0.8613526601517056
1,1,12.34,0.9371914922614136
1,1,15.99,0.8359772769037486
0,1,11.82,0.6333018609283715
0,1,,0.8230669379536518
0,1,18.91,0.5801555210380012
0,0,6.46,0.17369453887372083
1,1,8.06,0.6521389684916473
1,1,29.94,0.5668647736764799
1,1,14.58,0.8237681870200841
0,0,12.98,0.15620733707264725
0,0,16.88,0.23619495645821567
0,0,,0.23613725208334807
0,1,17.43,0.601527072470883
0,0,17.98,0.1135359449688066
0,0,13.9,0.22007952479294668
0,1,12.89,0.6005798173956036
1,1,,0.7935980774768092
0,1,,0.8830843770890715
1,0,11.98,0.3682833436454202
1,1,66.83,0.8409831546573092
1,1,18.45,0.6104050256167812
1,1,13.97,0.8622995873328159
1,0,52.5,0.27711886357719084
1,1,11.98,0.7559568870112421
1,1,23.97,0.7408231989661431
1,1,,0.711062822996245
0,0,9.89,0.1742114200513365
1,1,28.35,0.7552773110557364
0,0,,0.20262030379096382
0,0,44.0,0.2050487232250085
1,1,12.2,0.6410871841554692
0,0,7.48,0.20568278703205958
0,0,14.69,0.16979867234295618
1,1,184.56,0.8269320561235435
0,1,21.98,0.7407511328689406
1,1,44.99,0.8924927969888485
1,1,21.58,0.7614476263293578
0,0,24.97,0.3173860793046909
0,1,21.98,0.8712527497164618
0,0,15.74,0.226131618058697
1,1,19.59,0.817914019214195
1,0,16.46,0.29022301837795295
0,0,12.14,0.2486599318079736
1,0,19.47,0.39253406434851645
1,1,15.02,0.879327611549788
1,0,9.98,0.468301888923827
1,0,19.57,0.15558313722192266
1,1,28.78,0.8801131201343784
1,1,16.77,0.6972447400108065
1,0,11.69,0.2490966530608415
1,0,10.53,0.2385086003588163
0,0,8.89,0.15468791122282252
1,0,13.99,0.2741931416543848
0,0,13.58,0.3583242831223835
1,1,55.99,0.5257273813577512
1,0,,0.25765281261996686
1,1,14.2,0.6242459749784735
0,0,12.99,0.20494656740757713
0,0,13.98,0.1629447688263112
0,0,,0.2383159993004828
0,0,7.78,0.19933447725952402
1,1,,0.951468510038924
1,0,9.28,0.4966705878150042
1,1,13.34,0.8156499375193296
0,0,9.98,0.26528479229739316
0,0,23.62,0.2354773118964194
0,0,8.19,0.1844051430726943
0,1,17.52,0.551904947836605
1,1,11.74,0.6566719961700005
0,1,16.0,0.5304761873755962
1,1,8.98,0.8558383114538043
0,0,9.0,0.2500403839453709
0,0,,0.3942083243693375
0,1,13.59,0.8641578220954588
0,1,10.94,0.7791688725627756
1,1,16.17,0.6874251653800566
1,1,30.89,0.5008898813378674
0,0,11.13,0.1955389807986079
0,1,13.91,0.6288620081769669
1,0,9.99,0.1502124889457519
0,0,20.99,0.40851138967118716
0,0,39.58,0.21905598328101225
0,0,6.92,0.16201218294593345
0,0,,0.3645209169919679
1,1,12.98,0.6853311726696247
1,0,14.99,0.38700136877142066
0,1,,0.6193994933230529
1,1,13.29,0.8599580304450213
1,1,19.35,0.6933250712367817
0,0,21.99,0.3081567567937275
1,1,26.6,0.7054415711365144
1,1,14.16,0.7493396555623052
0,0,5.75,0.3707528860682373
0,0,12.0,0.4634505869627239
1,0,19.99,0.15345563728951525
1,1,13.98,0.6260701746475421
0,0,19.99,0.12206445628278419
0,1,,0.54064917609364
1,1,74.0,0.7805824244088577
1,1,95.42,0.9369951371793044
0,1,10.77,0.6297831136767961
1,1,62.36,0.559313106807856
0,0,12.95,0.36050250742327383
0,0,4.09,0.16805406302522022
0,1,15.11,0.551368043983908
0,0,,0.17445536940425935
0,1,19.99,0.540314865013223
1,1,11.0,0.8127385795482299
0,0,11.98,0.21979803506448087
1,0,24.16,0.29290391435601765
1,1,13.98,0.6545772492296323
1,0,20.8,0.24151655086169854
0,1,23.99,0.6371258952627513
1,1,12.59,0.7180667320983486
0,0,9.53,0.1554894513298946
1,1,22.13,0.8180988141609223
1,1,15.71,0.5835444829206279
0,0,7.27,0.4269706975038815
1,1,24.25,0.8632404178229073
1,1,,0.8165002052339102
1,1,15.99,0.8910826371098718
0,0,18.66,0.12018864554751464
0,0,6.99,0.1254278464182266
0,1,,0.8078881053593984
0,0,12.69,0.162380113952411
1,1,12.99,0.8543331485071697
0,0,12.04,0.19970816551987855
0,0,,0.20999553253821265
1,1,26.79,0.5429164088272295
1,1,19.38,0.8185323147216587
0,0,10.79,0.39752911887696835
1,0,23.4,0.3076477878936136
0,1,27.98,0.7095765411939821
0,0,8.83,0.13905845525373656
1,0,18.27,0.18535567393739727
1,0,11.27,0.38544498501139085
0,0,10.89,0.28909438300424
1,0,11.19,0.3487652012903993
0,0,3.95,0.13281761061479114
1,1,18.95,0.7649815562168425
0,1,3.01,0.5803158541550894
0,0,26.28,0.1424136515503511
0,0,11.65,0.3427324173623449
1,1,17.81,0.7699400440120615
1,0,12.28,0.40176766175803497
0,0,,0.4654810253088035
1,0,23.99,0.21134323858518528
0,0,,0.289797849883397
0,0,16.97,0.21880263098053154
1,1,9.99,0.7364047017584657
0,1,9.82,0.6134035225885467
1,1,17.42,0.6965848171572321
0,1,,0.5370547440790664
0,0,19.31,0.3209526369443435
0,0,13.99,0.2959639346255848
1,1,15.99,0.9076917730068786
0,0,16.69,0.10973813521232849
1,0,29.93,0.2796504826214941
1,1,26.98,0.7221334887691805
1,0,23.4,0.43608462558618954
0,0,12.95,0.4177694003678113
1,1,71.99,0.6390359169296141
0,1,19.99,0.6742126387350919
0,0,3.49,0.30015984921523914
1,1,33.51,0.8913838874660294
1,1,,0.8287325004757035
0,0,17.95,0.4624217622350662
0,0,,0.22666748332038125
1,0,11.97,0.27597622172326924
0,0,3.6,0.4163979516716742
1,1,19.3,0.900017574139565
0,0,10.14,0.3161710333846759
1,1,100.0,0.9638557614870265
1,0,16.97,0.3252089457712282
1,1,13.28,0.5240656596661981
0,0,,0.24455370078480584
1,0,15.8,0.29026721656350446
1,0,,0.25025269715758325
0,0,11.19,0.18233809476681995
0,0,,0.2551036240487343
1,0,,0.4442326130267781
0,0,,0.27526137161655534
0,0,19.98,0.2578634702649217
1,1,74.99,0.801155335164062
0,0,,0.4486286626322228
1,0,17.95,0.29229153910209205
0,0,15.98,0.23829512913921364
0,0,12.84,0.3942242286967582
0,1,11.59,0.5501887684814136
0,0,92.99,0.21358633163825422
0,0,184.12,0.18351644741465853
1,0,89.99,0.19965270805894494
1,0,,0.3586379348769845
1,1,16.2,0.8856525637528864
1,1,7.19,0.5368645097556365
0,0,16.99,0.24379590591415734
1,1,,0.731538961909897
0,0,25.99,0.21813302776635737
0,0,,0.29492334735568293
1,0,14.49,0.17385444154158225
1,1,18.8,0.8123637538433051
0,0,20.47,0.23541442493929174
1,1,86.75,0.8283155525679483
0,0,17.17,0.4288816291849252
0,0,16.39,0.3090904077393868
1,1,27.94,0.8455504358047568
1,1,77.8,0.8204657632266288
1,1,163.81,0.7895433389466631
1,1,14.59,0.7414340259527378
0,0,34.5,0.1554497565424117
1,1,9.98,0.7775500444514265
1,0,17.12,0.3321533970275707
0,0,4.99,0.17970488675502796
1,1,21.99,0.8899882612777077
0,0,21.16,0.16150534852846057
1,1,11.33,0.7757805362012618
1,1,16.98,0.8169293410328909
0,1,7.98,0.553439757143943
1,1,,0.6487707634555354
1,1,13.98,0.8827715554950205
0,0,37.19,0.42067826590502927
0,0,16.58,0.3226382225404393
0,0,9.0,0.1965429207503699
1,1,6.44,0.6224834968127562
1,1,16.17,0.6992074341991955
1,1,10.52,0.84461513547673
1,0,27.11,0.25919738097725253
0,1,24.49,0.7014225051837716
1,1,92.89,0.8905620234627867
1,1,52.9,0.5959734961207098
1,0,28.49,0.18621683787200533
1,1,12.98,0.7691509210303524
0,1,15.88,0.6884268275873421
0,0,5.99,0.1803873699772156
1,1,12.56,0.9305004670182878
1,1,17.99,0.5648252846694666
1,0,7.27,0.24860436628931012
0,0,19.99,0.28295787702297875
0,0,12.26,0.1203572896114076
1,0,20.99,0.4269624356982093
1,1,34.82,0.7130238118278569
0,0,11.31,0.14413740493238003
1,0,15.75,0.289558701106331
1,1,66.83,0.9062364960216767
0,1,12.15,0.8958627593453992
1,0,12.98,0.3344297265409477
1,1,15.32,0.6296966103325874
0,0,14.85,0.237233392604243
0,0,88.63,0.2828687412239995
1,1,8.99,0.5902338698597043
1,0,23.99,0.390745190894775
0,0,28.59,0.15094541766187555
0,0,19.99,0.19673879849523612
1,0,13.98,0.26372333938575354
0,1,,0.6327437199989323
0,1,24.99,0.6608371313405873
0,0,6.98,0.23084588982631668
0,0,19.8,0.2171276730368447
1,1,14.98,0.8560280364195645
0,0,14.98,0.15086542730614005
1,1,31.44,0.8324410589798811
0,1,,0.8078638021004573
1,1,26.13,0.7075000849167191
0,0,15.62,0.350686283528851
1,1,23.57,0.8561651820811549
1,1,,0.5380381698013419
0,0,22.99,0.42924424763857144
1,1,13.98,0.5837041944209819
1,1,18.66,0.8558577742429719
0,0,11.43,0.12136233178739379
0,0,18.99,0.3615707370229491
1,1,6.37,0.7421422709724397
0,0,18.9,0.1900798690949338
0,0,12.78,0.22419943546282833
0,0,13.14,0.13047764547601048
1,1,15.99,0.6859044746078141
0,0,24.98,0.3749891483905564
1,1,14.48,0.7662221489198764
0,0,8.0,0.3239481923883563
1,1,7.98,0.8932106867383919
0,0,16.9,0.44013863692953586
0,0,25.98,0.3710241313826009
1,1,48.64,0.8614384361627346
1,1,8.05,0.8538593693447867
0,1,,0.5253282396848795
0,0,15.54,0.36722592969499623
1,1,52.44,0.745734448156456
1,1,97.5,0.9357715716917528
0,0,22.84,0.23296472850912142
0,0,11.98,0.19305319887738312
0,0,13.98,0.30035570364604236
0,0,,0.4066519176606848
0,1,33.56,0.6226011252969531
0,0,,0.2423038810970239
1,1,11.98,0.7307989000434795
0,0,36.97,0.23159187361567315
0,0,,0.2105208239989837
0,1,,0.5572994837727043
0,0,23.53,0.377504363688078
1,1,48.99,0.5617256963865705
0,1,29.44,0.5502566840324843
0,0,17.12,0.3000548047016964
0,0,2.0,0.19964290659465306
1,0,23.99,0.26389376828492983
0,0,19.34,0.39304533462052454
0,1,19.98,0.6070268563327599
0,0,143.97,0.1975078453002873
1,1,15.64,0.8229449598410614
0,0,17.27,0.14014444619920594
0,0,5.26,0.12689237492874664
1,0,200.0,0.3694298299278466
1,0,12.29,0.4661775506481245
1,1,34.98,0.5481721145781598
0,0,,0.15610736224757063
0,0,127.54,0.2841442030691658
1,0,21.58,0.26159543657736306
1,0,13.99,0.22320171016141938
0,1,,0.50208338262151
1,1,8.98,0.8053481205338613
1,1,42.05,0.9155734175439769
1,1,14.39,0.8885652985582629
0,0,17.0,0.1791767206438812
1,1,26.99,0.6384977218948449
1,1,51.99,0.6026828210946088
1,1,23.97,0.6486632102900189
1,1,7.98,0.8104403057531264
0,0,6.39,0.20809244648934253
0,1,58.41,0.5260864859434526
0,0,24.99,0.2543307676094589
0,1,10.75,0.5180949165261165
0,0,5.25,0.3659880116075495
0,0,245.67,0.18213019635376304
0,0,16.98,0.10829554717194298
1,1,18.35,0.8480595493703605
0,1,11.59,0.5215392768550317
0,0,14.48,0.39748468817480703
1,1,26.65,0.8128405068285648
1,1,17.8,0.8367423367851679
1,1,22.98,0.7623457233963861
0,1,3.88,0.5193531450216247
0,0,92.99,0.18973735194306773
1,1,24.0,0.853638786194232
0,1,18.98,0.6758811254620519
1,1,,0.5950828251999173
0,1,36.69,0.556214886397773
0,0,9.98,0.11721195434529126
1,1,35.85,0.8239076736579327
1,1,21.41,0.8221204849507315
1,1,14.98,0.6628801618517517
0,1,,0.7054782865871629
0,0,,0.16772412462276082
1,0,24.24,0.3810373087960145
0,0,6.18,0.14552936042358697
0,0,13.28,0.1429134885236606
1,1,16.96,0.6756986507806023
0,1,,0.6747895185456504
1,0,12.28,0.2722134421243661
0,0,37.92,0.2674410437229478
0,0,8.28,0.41492843153960385
0,0,101.99,0.39120177128612565
1,1,17.3,0.733185050597411
1,1,29.57,0.7187262991581611
0,1,13.98,0.7752513337499138
1,0,17.99,0.20565531718949023
1,1,,0.8224545126869786
1,0,12.71,0.48238114652765757
1,1,11.98,0.537457127868594
1,1,,0.7670090192447981
0,0,,0.29574188767110954
0,0,15.98,0.23830250452204718
1,1,28.52,0.6274903715545709
0,0,33.9,0.1925156606467601
1,1,24.99,0.7676813953108882
1,1,18.45,0.8593659101864485
1,1,15.99,0.7856103030770146
1,1,11.56,0.7221347813529506
1,0,,0.33799131943630184
0,0,9.95,0.10587302843188158
1,1,13.98,0.5648877368875357
1,1,13.8,0.8621853951203542
0,1,149.99,0.6567908351006594
0,1,11.15,0.7002969271112364
1,1,10.75,0.9553711118625667
0,1,9.98,0.6136748694731303
0,1,18.33,0.8977677683198648
0,0,6.97,0.18806449378166296
1,1,14.94,0.6685770769289578
1,0,13.98,0.45316212814918005
1,1,13.97,0.8679541551757507
0,1,17.98,0.611282473084498
0,0,,0.19092142975527449
1,1,,0.9498454552904133
1,1,13.64,0.6613822296716007
1,1,17.37,0.9613237882545212
1,0,11.98,0.29511307486850175
0,0,13.48,0.23937104026875294
1,0,15.98,0.23877756516558193
1,1,7.27,0.5988537578267582
1,0,16.31,0.4453680927951041
0,0,20.0,0.2836476827395091
1,0,32.55,0.17364485325011625
1,1,28.13,0.7623396191375349
1,0,8.19,0.2713458486222136
1,1,27.87,0.7539167249696235
1,1,11.95,0.5205860591044371
0,0,119.99,0.13917289039129313
0,1,,0.7193422249056535
0,0,,0.2826194376081499
1,1,16.35,0.6610046870875244
1,1,11.29,0.7078783235984306
1,0,10.29,0.41187946104021866
0,0,5.0,0.35159474508036775
1,1,21.41,0.5055295799241308
0,0,25.37,0.20704521495726316
1,1,11.19,0.5896257252723229
1,0,25.98,0.41128456333102814
1,0,,0.4211371025245959
1,1,5.4,0.8253924441761951
0,0,22.99,0.3269995582878781
1,1,5.35,0.7214799563856112
1,0,15.39,0.3279095411376462
0,1,3.49,0.7299744063686162
0,0,14.0,0.21640272721394344
1,1,1001.95,0.9411380232702882
1,1,21.45,0.7752674808280102
0,0,12.38,0.21664218398324175
1,0,25.99,0.48898084460560926
0,1,10.99,0.8737776626611771
1,1,19.99,0.8341814013671945
1,0,34.98,0.32634121320318155
1,1,14.49,0.7551508701010923
0,0,29.99,0.16839762885726037
0,0,31.49,0.41396379980882664
1,0,14.95,0.3371599713350608
1,0,,0.44888446157671125
1,1,20.57,0.7360641665927983
1,0,33.99,0.37196775635674567
0,0,49.0,0.18912222860098932
0,0,,0.42576231675146525
1,1,15.75,0.8773026475553274
0,0,17.99,0.22088894703163936
1,1,20.8,0.8531617140225524
1,1,16.96,0.802124536427348
1,1,24.99,0.715439718353394
1,0,18.98,0.17189520462642843
0,0,13.85,0.18871656871778786
1,1,24.99,0.5942576000525114
1,0,13.98,0.38533210851779254
1,1,12.8,0.5077218939107753
1,0,13.99,0.17535687822647913
0,0,,0.17839139009129487
0,0,,0.19161504226977427
1,1,62.8,0.7651923560790198
1,1,15.99,0.7585499445637961
0,0,25.82,0.4182645787055497
0,0,10.98,0.13450947953986547
1,1,11.11,0.5226990395800821
0,0,,0.30047040235334194
0,0,6.44,0.11291515385906462
1,1,67.97,0.6199212185759222
0,0,14.44,0.13961375677611262
0,0,,0.3291576678580654
0,0,27.98,0.18242089471937079
0,1,13.99,0.8265177820108054
0,0,,0.48295312777322846
0,0,,0.3379032377746389
1,0,10.77,0.24001806284325147
1,1,14.27,0.9154703531158436
0,0,12.98,0.2725731229374844
1,0,24.16,0.3028477065398261
1,1,13.99,0.6381789744765777
0,0,10.33,0.34156776267635647
1,0,25.28,0.12315198115087213
1,1,18.83,0.8022041227791061
1,1,11.27,0.8346820158166164
0,0,13.1,0.3848050848569763
0,0,27.98,0.43635938671289676
0,0,18.95,0.19349754422725624
1,0,9.28,0.1942982885521525
0,0,26.91,0.17223288626004182
0,0,,0.18337812465360545
0,0,11.99,0.18576696521339525
1,0,,0.458267914346039
0,0,15.98,0.32108724964204954
1,0,10.98,0.1698175498579474
1,1,10.06,0.9036065020855102
1,0,29.78,0.427380580032566
1,1,11.34,0.6143466639117577
1,1,9.98,0.6284298317236822
0,0,,0.14608519572628595
0,0,,0.291150158110927
1,1,11.42,0.9111575485276173
0,0,16.77,0.3060434059345478
0,0,19.96,0.2363308740979754
1,0,7.61,0.30099365166570735
1,1,15.32,0.6622442181443958
1,0,25.97,0.14406286711300278
1,0,16.96,0.35322189682697025
1,1,12.99,0.5865607161629133
1,0,13.59,0.42911913359776227
0,0,12.37,0.15479952619721607
0,0,7.0,0.25703775361304826
0,0,58.93,0.13988676241490958
1,1,7.27,0.7044498510736548
0,0,14.76,0.25103217607098877
1,1,18.3,0.7570402496703501
0,1,,0.861304432722022
0,1,11.0,0.5890329730167931
0,0,10.98,0.14012804129559395
0,0,14.73,0.23690090883700046
0,0,29.98,0.2266379344877411
0,1,21.74,0.6653245215734207
0,0,394.98,0.24430033773863727
1,0,11.39,0.38755999787576295
0,0,,0.16966409948274824
1,0,10.79,0.2037003182845984
0,0,16.87,0.2996926066728241
1,1,,0.8196269204804821
0,0,18.07,0.1256355025030735
0,0,6.99,0.2714962825907608
0,0,19.64,0.3440112792122477
1,1,7.98,0.6143515967346095
1,0,,0.2937058976422348
0,1,,0.519470868054576
0,0,8.79,0.20435942766297946
1,1,27.33,0.8197559422851303
1,0,12.98,0.42291453423910264
1,1,18.94,0.5694335738005382
0,0,25.0,0.39013752090254616
1,1,26.98,0.6126609218789038
0,0,13.99,0.1557000753870073
1,1,17.95,0.8288570055038532
1,1,11.27,0.7687682618917279
1,1,8.92,0.7981467197188926
0,1,8.04,0.822506317275088
1,0,178.75,0.3835404793966883
1,1,17.22,0.7653107911691358
0,0,16.5,0.25267866246675846
0,0,10.98,0.2579174446739676
0,0,25.27,0.15184402168908867
0,0,32.0,0.261999682581009
1,1,94.58,0.8975914093405817
1,0,11.19,0.16549414837728146
1,1,12.0,0.5410947076973547
1,0,9.98,0.13350214606034375
1,1,28.02,0.8415960940328646
0,0,33.44,0.3740392335908052
0,0,16.44,0.18510045064194008
0,0,25.98,0.23162469675735703
0,1,12.15,0.5666156246048982
1,1,21.98,0.8144347519548755
0,1,39.78,0.6492199996692691
1,1,,0.7817804720024579
0,0,10.59,0.13853509928633537
1,0,12.99,0.21042037793172153
1,1,12.59,0.7963077473832971
1,1,6.5,0.5884917165669743
1,1,12.99,0.619644827136912
1,0,11.68,0.2313221971460503
1,1,17.3,0.8338908636664096
0,0,11.49,0.1737703086595087
1,0,27.98,0.46085230510652425
0,0,12.98,0.3375980819849544
0,0,24.86,0.1600139154327084
1,1,8.2,0.8087556730790229
1,0,11.98,0.45810619588715507
1,1,,0.8835066389282198
0,0,92.0,0.14226218418736172
1,1,9.49,0.7786054270445187
0,0,17.33,0.46006521881927076
0,0,27.2,0.2120950365956341
0,0,,0.2593597920101287
0,1,29.99,0.8440890996244361
0,0,7.98,0.28153180062211425
1,0,17.99,0.4079776157725779
0,0,10.98,0.23247761597413016
0,0,26.75,0.24543136674330895
0,0,26.18,0.15844862096364237
1,0,11.19,0.40151947726255144
0,0,19.02,0.1408818433644651
0,0,3.02,0.19089070299413913
1,1,10.99,0.9118858518138447
1,1,19.57,0.5942738444670366
1,1,44.99,0.6625689618054511
1,1,18.43,0.6419871864553913
1,0,6.65,0.4506345365004709
1,1,22.49,0.8376247617253255
0,0,14.98,0.31985368021173527
0,0,10.99,0.2635732805440849
1,0,29.98,0.24543698935012145
1,1,13.98,0.7114656287732004
0,1,15.63,0.5110010236263338
1,1,12.02,0.6239582587849368
0,0,,0.2804281097800713
0,0,27.67,0.21614232671719108
0,0,23.44,0.2154290243095219
0,1,14.99,0.6880969416406821
1,0,7.04,0.34811667030428867
1,0,4.0,0.4616033085131977
1,1,9.37,0.7501517292086355
1,1,13.02,0.7028806634966955
0,0,7.98,0.13563849799362027
1,1,11.79,0.7250323887850283
0,0,10.42,0.3312415189673438
0,0,13.98,0.2941866122257309
0,0,77.99,0.13571652212086763
1,1,12.58,0.6186590829299564
1,1,9.87,0.593411993235768
1,1,5.0,0.5993580310028018
1,1,21.91,0.6028909008928952
1,1,7.04,0.7269475010267917
1,0,18.8,0.4036119463742033
1,0,27.06,0.4383139160021371
1,1,14.41,0.8368740038218204
1,0,19.99,0.49860489453578727
1,1,17.98,0.8399715729777996
0,1,16.98,0.8779971776904032
0,0,32.55,0.1594697309131295
1,0,23.49,0.3795630260866957
0,0,12.06,0.20905385115951533
0,0,13.3,0.27871144824872074
0,0,31.99,0.20421562047873468
0,0,,0.3747359883825764
0,0,9.25,0.4798136054009948
1,1,,0.8619472973016881
0,0,,0.21008588980173565
1,1,39.94,0.5729720039998644
0,0,11.74,0.33944236416735124
1,1,108.29,0.8423063809452593
1,0,11.98,0.3513669562122129
1,1,9.98,0.7282665573454448
0,0,24.99,0.20097639788696028
1,1,29.9,0.8322771737987683
1,1,14.98,0.6603032606441714
0,0,12.72,0.26505573838688273
0,0,12.18,0.24544903731573825
0,0,7.98,0.18411607483584005
0,0,6.39,0.2725347388822103
0,0,26.58,0.2582934086874901
1,1,,0.5489659285989007
0,0,,0.25689723522345437
1,1,13.98,0.8857733035607546
1,0,75.0,0.31021103484816315
0,0,7.28,0.27646378109243946
1,0,8.99,0.40127988389173314
0,1,,0.5195486134578556
0,0,24.98,0.13187422610904967
1,1,39.38,0.8945929636658656
1,1,20.4,0.6806694097310007
0,0,5.99,0.15963272577741905
0,0,16.5,0.4807516036146786
0,0,5.0,0.25044156652066757
1,1,21.98,0.5851981379677058
0,0,15.89,0.26988756092571525
0,0,10.93,0.36357662544869374
0,1,20.47,0.6026468006858845
1,1,,0.8355281194527067
1,1,278.21,0.923203463312105
1,1,10.8,0.5948589139668821
1,1,11.83,0.724370494736964
1,1,13.51,0.7621831440487628
1,1,20.99,0.5102773011506515
0,0,9.98,0.16973388943140874
0,0,34.98,0.4356163337784834
0,0,12.58,0.39564488370009054
1,1,,0.826802427114322
1,1,6.99,0.7902926949677874
1,0,6.8,0.4660532898281449
1,1,11.39,0.7118615303243838
0,0,18.98,0.1736271238225458
1,1,17.95,0.7774181633688366
0,1,95.0,0.5003300945680214
0,0,7.2,0.15480414517787064
0,0,27.2,0.48111734011422347
0,1,11.99,0.6696091104770243
0,1,16.16,0.5071566246494629
1,1,7.98,0.794934032318462
1,1,13.98,0.840583933344363
1,1,13.98,0.8792599454805511
1,1,,0.6744746080703796
0,0,13.98,0.18541245392672692
1,0,14.66,0.19837199196022426
1,1,25.48,0.8140561889314769
1,1,12.98,0.5199011323249176
0,0,,0.17804709776913027
0,0,,0.4814651427551105
0,1,33.98,0.8725098156506815
0,1,16.92,0.9072232352056091
0,1,44.6,0.8290645523536553
0,1,15.0,0.7149073218569894
1,1,6.62,0.8593397677267748
1,1,10.53,0.6811410588156268
1,1,9.98,0.6987927732774569
1,1,9.1,0.7805968187361755
1,0,11.64,0.2384115906782496
0,0,18.99,0.3657216344669917
0,1,11.86,0.6536878269712846
0,0,23.99,0.33272545413239996
0,1,,0.7160218164057338
0,0,11.98,0.37274629719033386
1,1,,0.7745620352635539
1,1,22.98,0.6015268057530847
0,1,16.28,0.5033811474032479
0,0,4.64,0.2022890737640249
0,1,62.0,0.6433094248463777
1,1,24.59,0.7963464998876584
1,1,12.98,0.5150988317713331
1,1,13.99,0.8455919575652309
1,1,13.29,0.7178676079550398
1,1,12.41,0.8549751990353688
0,0,17.49,0.31224548036253985
1,1,86.85,0.9463885992418501
0,0,12.98,0.14846163868533313
1,1,11.42,0.7899867709406785
1,1,14.99,0.801480110411308
1,1,36.99,0.8362767165086422
1,0,12.19,0.3279485568206664
0,0,7.61,0.37054766660505817
0,0,16.3,0.14130428448882548
1,1,9.99,0.6258643061645272
0,0,12.69,0.42694796631111603
1,1,8.2,0.9179174026840571
1,0,11.99,0.19366610179800697
0,0,139.0,0.29170217716784325
1,1,,0.8329725517168137
0,0,46.49,0.49594038839722177
0,0,24.95,0.39917898283072234
1,0,8.58,0.4287218767335929
0,0,7.9,0.17213528486584403
0,1,11.99,0.6397454985850014
0,1,14.39,0.7299502762202094
1,1,10.6,0.8214764778803658
1,1,15.85,0.7293725645548097
0,1,24.99,0.740424409128305
1,1,12.59,0.8976903126157579
1,0,9.49,0.38539609698718874
1,0,11.98,0.2780833606857263
0,0,10.72,0.16263573809531612
1,1,13.64,0.5874065344090763
0,1,6.25,0.8095827057085807
0,1,17.86,0.771869879728578
0,0,11.98,0.141991199619215
1,1,13.98,0.5349987170597643
0,0,11.98,0.31537220911085695
1,1,13.98,0.655596215177205
0,0,,0.21360651625344507
0,0,11.34,0.1463788562613066
1,1,37.4,0.7728049437889902
1,1,20.69,0.7537749360963408
1,0,14.84,0.3859081700548886
1,0,29.85,0.25678622653002403
1,0,12.98,0.4899626219691233
1,1,11.98,0.8639629913688635
0,0,87.99,0.4019158301090021
0,1,13.82,0.5419446941670116
0,1,17.46,0.7910030474142006
0,1,19.29,0.632932320869194
1,0,24.61,0.3608380528658038
0,0,12.68,0.15966204423368704
0,0,16.25,0.22932445821654057
0,0,,0.16335766596335852
1,1,10.39,0.6286855769616442
1,1,19.11,0.7970650123051953
1,1,11.98,0.7905282393341146
0,1,12.77,0.6108504399957204
1,1,20.49,0.715721517200728
1,1,22.99,0.5700312567027364
0,0,,0.32966399516451433
1,1,20.95,0.634458547395524
1,1,71.99,0.7212947526236086
1,1,17.99,0.9272149053487002
0,1,28.45,0.6260971474863746
1,0,23.76,0.3421179742733224
1,1,18.29,0.8296615804894956
0,1,24.98,0.8003275849355433
1,0,7.98,0.25844403282736567
0,0,17.51,0.4969809065216093
0,0,47.1,0.1443689471188263
0,0,11.99,0.23078241533973365
0,0,19.12,0.203255653326787
1,0,68.58,0.4313513127772293
1,0,11.39,0.26008671885091156
1,1,7.39,0.6705781370707271
1,0,14.39,0.459531436281591
0,1,20.37,0.5019681152724751
1,1,13.44,0.530647095391594
1,1,15.72,0.5585839807604228
0,0,4.98,0.13008003843933263
1,0,,0.26065102688951136
1,1,17.92,0.7972290046306588
0,0,39.88,0.4217258120632605
1,1,11.68,0.5126291226477893
0,0,13.99,0.44770579789724885
0,0,,0.48379977909815997
0,0,11.25,0.22934126192559864
1,1,7.27,0.7639935060020305
0,0,,0.18582640178802998
1,0,,0.4790094075599388
0,1,23.99,0.9042765586388248
1,1,86.85,0.919758383810673
1,1,12.98,0.5755863755041389
1,0,10.52,0.4056778100280699
0,0,17.98,0.23823292167469015
1,1,11.99,0.7275819004301798
1,1,7.27,0.764522230719787
1,1,14.98,0.6648228204814732
1,0,23.05,0.23328261667992503
0,0,7.0,0.13103089607636914
0,0,,0.13703522529135037
0,0,35.99,0.20364946801596706
0,0,9.99,0.12652636936530068
0,1,13.98,0.7419557129144888
1,1,13.99,0.6823780555180098
0,0,15.98,0.20065100111662146
0,0,13.43,0.13840560496568796
0,1,10.98,0.619162415334067
0,1,35.95,0.8345282741528126
1,0,11.5,0.2300845801917812
1,0,31.1,0.30784357063655426
0,0,14.73,0.15840339916392118
0,0,11.98,0.2108980411820401
0,0,18.87,0.31576459546194163
1,0,12.98,0.12729029536983213
1,1,9.56,0.5947088045719952
0,0,19.97,0.41349613646515826
0,0,25.34,0.14065622187657378
1,1,14.19,0.826699479175077
0,0,23.61,0.2839485336324204
0,0,102.91,0.22233182893155737
1,0,36.37,0.17416735215559598
0,0,9.4,0.14913217984645996
0,0,,0.13585992785283507
0,0,7.5,0.27452920908831463
1,1,27.95,0.7635057862266127
1,0,13.14,0.3562698241531604
1,1,7.08,0.5770265141384179
1,1,23.97,0.855129605050347
0,0,16.1,0.12846665005862903
0,0,23.01,0.18578195864243183
1,0,7.98,0.16778596934008658
1,0,13.14,0.20221135732227802
0,0,13.34,0.4218109731287601
0,1,13.46,0.7645796049378333
1,0,7.27,0.4446559737679911
1,1,,0.8741882204498036
0,0,3.99,0.2396470076796403
0,1,34.6,0.5392202225895312
1,1,18.99,0.6785584372032722
0,0,13.98,0.19882633830908875
1,1,12.69,0.7750167523256107
1,1,14.99,0.8021400255008063
1,1,18.99,0.6873501202442655
1,1,14.07,0.6026689627627743
1,1,106.21,0.8341690564368681
0,1,14.98,0.6204079109921276
0,0,,0.3024114441735062
1,1,26.99,0.7066600908403957
0,1,12.98,0.6367233087408327
0,0,71.97,0.24314250143316002
0,0,,0.17464604269948433
0,0,7.98,0.148801742396934
1,1,11.95,0.7774685056697965
1,1,74.99,0.8366406208520889
1,0,14.95,0.3317718047175219
0,0,9.98,0.3069201590962257
0,0,19.99,0.18366798032420165
0,1,27.01,0.9201085522999229
0,0,,0.14835274631211906
0,0,8.57,0.34063178912484565
0,0,,0.14557704537448646
1,1,8.26,0.721134012924681
1,1,15.39,0.6802310697725179
1,1,20.49,0.6734020073741259
1,1,31.36,0.9014680207542881
1,1,,0.777102255081519
0,0,27.89,0.31550400935449674
0,0,,0.2731596746726267
0,1,16.0,0.6152220809322452
1,1,111.23,0.7127460117539057
1,1,14.97,0.7018026919150671
1,1,35.98,0.5582108076851093
1,1,51.19,0.9022308170508372
0,1,,0.8362917699356988
1,1,30.96,0.8761479806043895
0,0,,0.17579263084124314
1,1,10.71,0.9299247264039177
1,1,17.99,0.8576648064630835
0,0,21.49,0.24978876987488466
1,1,9.98,0.624032054246404
0,0,11.55,0.13036091072188294
0,0,12.57,0.09026672426525102
1,1,18.98,0.5237536488612775
0,1,45.75,0.5730605647361222
0,0,9.64,0.16656189988494102
1,0,9.99,0.18735946587014987
0,0,31.52,0.314957675266757
0,1,19.99,0.6054437971494593
0,0,24.73,0.1308428930127133
1,1,13.8,0.5405462362601426
1,1,27.94,0.9140631112563788
1,0,9.48,0.31066864576277325
1,1,20.99,0.6301069243382164
0,0,9.4,0.3345442880068024
0,0,24.99,0.4061705769037627
0,0,15.98,0.45529844355482396
0,0,24.97,0.15867323470797454
1,1,18.98,0.7509226509423833
0,0,7.89,0.27872494697798256
1,1,84.95,0.6205417743313849
1,0,11.77,0.29149463333958
1,1,8.98,0.5210330460596423
1,0,22.99,0.2955056179968116
0,1,15.99,0.6617267475360918
0,1,16.22,0.7289166210218014
0,0,11.44,0.1831251795770063
1,1,13.81,0.8025827213321179
0,1,,0.6865512770126709
0,0,11.56,0.1571943067093989
0,0,23.33,0.35833895253356046
0,0,29.17,0.2467630747772465
1,1,13.98,0.5986153983022003
0,1,10.98,0.7911659363090965
0,0,11.98,0.2141464928943868
0,1,,0.8999315830137954
1,0,12.69,0.4122478223638097
0,0,,0.4897027684374577
1,1,9.98,0.6203330202888876
0,1,7.98,0.6944766996829156
0,0,19.24,0.29684000322268295
0,0,,0.14650111387074802
0,0,12.8,0.25174731803611916
0,0,4.88,0.3946490553722115
0,0,16.98,0.2216933957895547
0,0,39.99,0.3658293102622507
1,1,9.79,0.8241853709307086
0,0,36.96,0.13533145927634344
0,0,,0.38646137584371926
0,0,30.96,0.2557004003754801
1,1,22.97,0.856572533471745
1,1,10.82,0.9006089841982788
0,1,14.5,0.6289370106595514
1,1,,0.6289364979397001
1,1,22.49,0.8827987947474928
1,1,31.45,0.8535122028348445
1,1,25.65,0.6007634901345651
1,1,21.42,0.8261887599820363
1,1,13.29,0.701106845459214
0,0,11.98,0.2061112253885061
0,0,13.91,0.18751256140327333
1,1,16.66,0.8292329886317418
1,0,7.27,0.4633302979815694
1,0,9.98,0.2928029560320356
1,0,15.85,0.3636512087563789
0,0,27.99,0.22660252209709592
1,0,12.78,0.1562931257963518
1,1,,0.8841541042745198
1,1,11.28,0.7799697160165412
0,1,200.0,0.5113296560756647
1,0,31.82,0.31968545165741286
1,1,11.98,0.8111063431242593
0,0,13.99,0.19114116900488173
0,0,29.96,0.32905940437962916
1,1,16.69,0.6102914313657046
0,1,5.7,0.5033396852717589
0,0,7.8,0.17583876032412096
1,1,92.99,0.8810296338419039
1,1,,0.7987931510934513
0,0,15.9,0.22539783934506621
1,1,28.97,0.7609534137663015
0,0,42.0,0.19292181004431982
1,0,11.98,0.21287246123006093
1,0,21.98,0.4748859814369743
1,0,12.68,0.34879321635373584
1,0,33.33,0.3007100966674922
0,0,15.08,0.13453175002797432
0,0,16.68,0.20927474522538062
0,0,17.69,0.1732746822711215
1,0,16.38,0.4949866404412946
0,0,13.91,0.20050079204999896
1,1,13.98,0.8041495130427561
0,0,17.98,0.2726184508475654
1,1,40.21,0.7237857734125576
1,1,22.29,0.8620877487450042
1,0,12.99,0.33913064549166705
0,1,23.46,0.601480522270976
1,0,55.05,0.16141949955223298
0,1,12.57,0.8040675278959161
0,0,18.17,0.4344408623360218
0,0,13.16,0.1792655634131833
0,0,16.99,0.2550801925881176
0,0,22.49,0.19788304951296792
0,0,9.48,0.2521527171592481
1,1,13.34,0.715250095691755
1,0,12.98,0.31408247412170537
0,0,24.85,0.24397624059405118
0,0,16.1,0.15897341943002863
0,0,11.92,0.12494249847457459
0,1,15.1,0.8598507832203914
1,1,549.84,0.8840950190799458
0,1,19.85,0.5094108878856551
1,1,,0.840863657245204
0,0,13.94,0.3339788520268517
0,1,12.99,0.5803776159089428
1,0,13.59,0.4845568733207664
1,0,,0.309574349707748
0,0,,0.22417447610588506
1,0,15.98,0.3994848761096426
1,1,33.81,0.6166947323711613
0,0,25.3,0.15546390154777803
0,1,83.2,0.6780355842916554
1,0,15.08,0.4722106243082424
1,1,26.97,0.5842213572163328
0,0,,0.2643825436111809
1,1,,0.8838883775205196
1,0,,0.17999230361727805
0,0,13.99,0.34564245929275683
1,1,16.98,0.8105457606432318
0,0,18.83,0.35373600984601106
1,1,9.99,0.5757562597096592
0,0,13.98,0.1435830725198165
1,0,13.42,0.42508943613752204
0,0,22.99,0.2447848013456479
1,1,17.6,0.9191003338790318
1,1,,0.7421718993755985
1,1,13.98,0.5367746995868865
0,0,21.9,0.2826583315027996
0,0,3.99,0.30936251757917255
0,1,,0.6528452222403701
0,0,,0.21032143502395398
0,0,8.28,0.27241999905846875
1,1,,0.8961178511594309
0,1,15.86,0.5111253842217135
0,0,19.0,0.15897211522405
0,1,,0.6840014963087073
1,1,16.31,0.8695793604299967
1,1,17.42,0.8975407471263582
0,0,30.49,0.2779834288581423
0,1,12.43,0.8645618246676768
0,0,11.98,0.1419221096934255
0,0,,0.47862839745522506
0,0,14.63,0.34314157943089685
1,0,16.31,0.1738294543183386
0,0,19.17,0.21310489317056916
1,1,39.94,0.8112947194065873
0,0,8.39,0.3372151438128901
0,1,,0.7013377461120033
0,0,8.21,0.13638722662169261
1,0,14.99,0.20899223929314276
1,0,19.99,0.29282143443322284
1,1,61.81,0.8526228523860362
0,0,,0.1719989390804067
0,0,12.27,0.11983498773466629
0,1,8.0,0.6860679500086885
1,0,26.5,0.35661248465298206
1,1,12.98,0.6864277333065719
0,0,27.98,0.1388349388388778
0,1,14.39,0.6324001167617482
0,0,,0.42928847534796155
0,0,16.68,0.19754276015315092
1,1,11.98,0.6552540497352691
1,1,,0.8227723172799496
0,0,56.19,0.14200648024983867
1,0,44.97,0.33906283631956863
0,0,9.45,0.1840436045863266
1,1,17.98,0.7443635572507618
0,0,14.92,0.20319347228481938
1,1,15.51,0.8860554927468979
1,1,9.99,0.6199163044065931
1,1,13.96,0.5234410163391091
1,0,41.89,0.42989368836365977
0,0,119.87,0.22249287939073464
1,1,19.3,0.6380472476799693
0,1,36.42,0.7171714443017178
0,0,12.13,0.1966867732651468
0,0,11.98,0.14473081362377543
1,1,16.99,0.815197233512467
1,1,9.68,0.7315492302701349
0,0,,0.4620728020716739
1,0,10.79,0.4508811426482388
0,0,7.98,0.17325363184127116
0,0,10.98,0.31441543834622854
1,0,49.62,0.29358718435077735
1,1,80.56,0.8972640977408196
1,1,16.71,0.7620677875869178
1,0,14.39,0.4841220070673031
0,0,11.5,0.3534733650865235
0,0,9.99,0.3271706796375411
0,0,,0.3559420756944975
0,1,7.97,0.6596709649912489
0,0,11.99,0.36572281597213013
1,0,12.24,0.24129307590504007
1,1,12.99,0.860196285280334
1,1,25.68,0.8655670782972377
1,1,16.96,0.7798870630885238
0,0,18.99,0.21102937296253294
1,1,67.97,0.7752072487483634
0,1,18.89,0.5195292599156366
0,1,18.98,0.6658377643777365
0,0,7.97,0.33552383831622873
1,0,6.98,0.28712135786444365
1,1,35.02,0.8927062094990253
1,1,18.15,0.7975069507613163
1,1,12.34,0.6978644325485138
1,1,19.98,0.8155461149784938
1,1,34.98,0.8006436774133877
1,1,,0.6477271986952595
0,0,2.78,0.26503058039938243
1,1,18.81,0.8237759572774533
1,1,12.68,0.7882603940252371
1,0,15.72,0.2526691415118895
1,1,26.49,0.749601389397788
1,1,13.98,0.7950359633766905
1,1,42.99,0.5812407866747242
0,0,12.97,0.3316108098580873
0,0,59.99,0.14783760527415857
0,0,,0.2095953745274943
1,1,22.19,0.5917128065337528
0,0,15.69,0.1424770571935284
0,1,109.0,0.520085500520795
1,1,9.28,0.5121979365578065
0,0,13.76,0.2912185942124963
0,0,25.15,0.17341264075735963
0,1,23.99,0.6706461412054907
0,0,13.98,0.22802071180525335
0,0,23.99,0.47743944423499907
1,0,19.97,0.26810324107443007
0,0,22.29,0.16882561526815923
0,0,,0.12256439174579316
0,0,,0.229578212142354
1,1,,0.821399679345433
1,1,,0.8513025164028426
0,0,11.98,0.18823675394488876
0,0,21.0,0.2630220044637606
1,0,14.98,0.3939793250163838
0,1,23.44,0.5285846509720404
0,1,75.32,0.8565732124597809
1,0,19.66,0.3685841511485401
1,0,8.99,0.3973108270013731
0,0,,0.16772716072780988
1,0,25.99,0.348187291125527
1,0,9.37,0.3693344077831028
0,0,13.95,0.22216336039093945
1,1,24.14,0.5603281956613578
1,1,16.97,0.8510332277122579
1,1,71.99,0.7928756879210084
0,0,,0.2552289091417641
1,0,,0.45547080477399665
1,1,29.98,0.8586487700012496
0,0,18.98,0.1863298070620531
0,0,,0.34619102936757534
1,1,19.24,0.8088269403391262
0,0,23.95,0.17462511343556625
0,0,21.97,0.3269990500497171
1,1,20.23,0.8935373839644385
1,1,10.46,0.9438199083051602
1,1,17.58,0.7021774951486428
1,0,18.5,0.49125285177601297
1,1,22.48,0.6711743368071057
1,1,63.4,0.7759898876128837
0,1,,0.8293819699341841
0,0,,0.14073287322535613
0,1,7.79,0.7739129132709263
0,0,14.98,0.21678775029252179
0,1,7.58,0.6948576883268944
0,0,22.71,0.22189631503564342
1,1,23.97,0.5006408185200172
1,1,8.2,0.7385543138440295
1,1,15.77,0.5378841154540913
1,1,8.19,0.7976878448199569
1,0,12.63,0.47724452064621753
1,1,,0.9198482753878996
1,1,26.96,0.6769038127916646
0,0,14.4,0.32433908748961365
0,1,30.83,0.7470267242563718
0,0,9.35,0.3219148172247477
1,0,20.99,0.32137202606000753
0,1,17.49,0.7376101515344172
1,1,17.29,0.5449846397571498
1,1,15.99,0.6109494304380443
0,0,39.88,0.23842277535244794
0,0,12.65,0.2775836428439544
0,0,14.98,0.21317260247074882
1,0,7.98,0.16426600846109773
1,1,19.98,0.7082944603749074
0,0,28.84,0.46221156617414116
1,1,449.96,0.5400735637827541
0,0,16.75,0.15482323488181457
0,0,,0.4291355582067634
0,1,12.98,0.7255735841654416
0,1,8.98,0.7007438554587598
1,1,149.0,0.8596045863257117
1,0,15.72,0.3594292074574067
0,0,1.99,0.46063730263356595
0,0,3.03,0.4630991670545913
1,1,23.59,0.6554257781979799
0,1,7.65,0.7182554590129792
1,1,12.24,0.7849753521142985
1,0,19.99,0.19125106300690756
1,1,,0.8005129072077154
0,0,9.19,0.15433600124137625
1,1,11.39,0.754792370237208
1,0,28.12,0.2585134173751738
1,1,7.98,0.729545438123306
1,1,11.28,0.7915241695735479
1,1,11.99,0.6385464378251363
1,1,23.44,0.8932684774029802
1,0,16.66,0.33329573241550264
1,0,33.77,0.3373966804139197
1,1,17.0,0.8853750578057935
0,1,13.91,0.8285923078630323
0,0,12.98,0.3410977996128707
0,0,29.99,0.31061842478229595
1,1,15.42,0.503837416991026
0,0,30.62,0.1783806893991834
1,1,7.75,0.5698972068415282
1,1,17.86,0.8597304041714862
1,1,53.98,0.5895547296480181
0,0,,0.4198512020965704
0,0,45.36,0.42548044061935175
0,0,21.8,0.2377079755837877
0,0,27.49,0.20981632346151413
0,0,17.46,0.3584985510722028
0,0,19.21,0.3129327871087674
0,0,7.98,0.1655934355334397
0,0,13.09,0.3053017411896182
1,1,49.62,0.7271494444117047
1,0,11.18,0.26402482139505984
0,0,,0.4163341573132665
0,1,185.0,0.6884084370803182
0,0,12.08,0.35898593703939613
1,0,12.85,0.37922386514768924
0,0,20.99,0.17148739158618506
1,0,12.56,0.370293888709171
0,0,13.27,0.14442440194448616
1,1,7.27,0.5182665999658469
0,0,21.53,0.2464501639766659
0,1,8.98,0.5168370418771635
0,0,8.92,0.11579356455463492
0,1,9.25,0.6337145200046539
1,1,9.93,0.6755843215311577
1,0,53.72,0.46309250239721383
1,1,,0.8905278180931657
0,0,,0.1780090860864201
0,0,10.97,0.20032267688166608
1,1,24.14,0.7070319743099618
1,1,30.48,0.5100160510471125
1,1,17.98,0.5707560682062001
1,0,102.99,0.22619389090353878
0,0,11.99,0.21383638121556592
0,1,6.45,0.7539120838221405
1,0,18.99,0.37062756644529793
0,0,12.95,0.22712644742315527
0,0,,0.16185969925265284
1,1,55.99,0.6788147542578791
0,0,7.98,0.24855980111312181
1,1,137.99,0.924952379790361
1,1,21.94,0.7995710916159599
0,0,11.98,0.16623181213588858
1,0,20.49,0.31391568031122447
0,0,16.25,0.15174110062941837
1,1,13.98,0.7906046122728297
0,1,23.49,0.7249841372103405
1,0,42.99,0.27206128812628216
0,0,21.46,0.20002674160262532
1,1,7.07,0.5266402768277115
1,1,11.63,0.7451445310691908
1,1,178.75,0.7166951439884341
1,0,19.65,0.22595771910777307
1,1,18.02,0.8568119587603168
0,0,8.39,0.16607696233546612
1,1,7.98,0.8679562003347947
1,1,13.88,0.5664076389164076
0,1,24.49,0.8124009082002245
1,0,16.95,0.33612067195147466
0,1,10.93,0.5628478389322167
0,1,16.99,0.9559444447246782
1,1,7.17,0.5298365042123665
1,1,17.77,0.6224844353994251
0,0,10.66,0.14641419579273585
0,0,10.69,0.1769852662157174
1,0,31.65,0.25311152033595385
1,1,7.98,0.5119771566320394
0,0,27.0,0.49668065329932043
0,0,,0.3406760069549892
1,1,13.98,0.742758639244311
1,1,9.28,0.5664553301888549
0,0,3.9,0.4120384831604965
1,1,15.39,0.6127456355439156
0,0,7.7,0.25991093844171836
0,1,4.64,0.6520583631350066
1,1,23.84,0.7220639426231023
0,0,25.98,0.3098659784995368
0,0,12.91,0.19730424392735582
1,0,7.98,0.3567067394097897
1,0,52.25,0.335499188225249
1,0,33.77,0.28886864647566074
0,0,5.88,0.1447666323690724
1,0,11.42,0.2952187547420025
0,0,26.98,0.2561658398380265
0,1,11.1,0.6027434410218362
0,1,10.63,0.5288275632403288
0,0,22.97,0.17372693748172496
0,1,33.21,0.7551269547129773
0,1,,0.587441608355541
1,0,9.98,0.49925174730392397
1,1,,0.7080738645861744
1,0,9.5,0.2435913091884
1,1,21.59,0.682866304266925
1,1,17.79,0.8321689246754783
0,0,15.99,0.19651061753701585
0,0,14.07,0.17611936844706674
0,0,15.0,0.1191471174570856
0,0,18.97,0.15875675062700173
0,0,16.1,0.24797606649657336
1,1,13.44,0.7915567948044494
0,0,10.98,0.15573174757286176
0,1,85.81,0.81531258515634
1,1,,0.8243538243099742
1,1,11.99,0.8175385120980945
0,0,11.54,0.3280939896932913
1,1,9.79,0.8414034953889054
1,0,11.96,0.32233680083391536
0,0,11.75,0.1677166871349104
1,1,9.1,0.536647464399923
0,0,16.97,0.299497811811457
1,1,29.99,0.9174601270167582
0,1,11.0,0.6315276276877159
0,1,45.8,0.7027061991945597
1,1,,0.7818784248068652
0,1,24.78,0.8702606821278486
0,1,,0.6759992643144319
1,1,44.41,0.9150667883608469
0,0,17.82,0.3063943598573187
0,0,14.73,0.18440442627814746
1,1,60.39,0.51088436443738
1,0,22.99,0.3329364189603151
1,1,12.98,0.6573159420544404
1,0,22.99,0.32723286775629745
0,0,9.99,0.2669694696926258
1,1,,0.666579022674152
0,0,,0.1400733845215097
1,1,12.56,0.7785352541832922
1,0,8.19,0.3983192928881378
1,1,,0.9078727392973556
0,0,7.98,0.20760488334944108
1,1,33.99,0.720423828094784
1,1,8.39,0.7369230557563331
0,1,,0.9095186039275232
0,0,21.88,0.17416845724819985
1,0,,0.28457806810797
1,0,15.99,0.33556927142012904
0,0,19.56,0.30835166282392534
0,1,26.98,0.6066986767862342
0,0,25.99,0.13263871714957434
1,1,11.92,0.6086110211525234
1,1,11.15,0.8554187568402307
1,1,11.88,0.5796688651678958
0,0,11.52,0.21479433180006738
1,0,26.9,0.23032400375105694
1,0,9.96,0.20286353739304772
0,1,18.95,0.7422350421016405
0,0,11.99,0.3034845384333199
1,0,24.99,0.22558085272825798
1,1,7.67,0.6578107878831119
0,0,27.98,0.20040730749269167
0,1,29.99,0.5783868518852002
0,0,25.98,0.21608097819606953
0,1,33.14,0.5806910547091282
0,0,,0.17677231419667494
0,1,8.98,0.8402445362223496
0,0,27.05,0.420096449751994
0,0,8.99,0.1850068478743659
1,0,29.79,0.1804477267067455
1,0,13.98,0.2720233265351969
1,0,12.28,0.40710066796156796
0,0,,0.1695486224366013
1,1,13.85,0.6702896823172536
1,1,34.89,0.5086460943526877
0,1,,0.7517239702380545
0,0,,0.3215947130357802
1,1,7.19,0.844193164237759
1,1,15.24,0.8388112762983482
1,1,20.4,0.6602680058135211
1,0,16.1,0.4213754940560425
1,1,11.37,0.7512242285810455
0,1,114.0,0.7060722526775516
0,1,4.27,0.7155809488857787
0,0,13.99,0.3731542384561074
1,0,12.69,0.37860244068974114
0,0,5.1,0.32872731379626435
1,0,11.99,0.31303115072173654
1,1,40.1,0.5138160308581049
0,1,21.67,0.5593034711065012
1,0,15.83,0.33923349183804613
1,1,59.99,0.8374767156267994
0,1,,0.5987904786680651
0,0,17.98,0.2661103767802024
0,0,74.99,0.3676072068889197
0,0,17.98,0.17328992623846526
1,1,13.39,0.7945659235898486
1,1,11.23,0.5625596621805118
0,1,32.3,0.7404846770209584
1,0,7.27,0.47074683635948406
0,0,7.98,0.13285566740932556
1,1,,0.5453357721978358
0,0,27.99,0.26059691811034236
1,0,10.15,0.4232437065977215
1,1,6.8,0.8123382788716721
0,1,15.69,0.7742254552100679
0,0,6.97,0.16948882034874238
1,1,5.0,0.7430065017214533
0,0,13.98,0.2143510838165264
1,1,12.5,0.8220127362850468
1,1,18.45,0.8908832258449156
0,1,26.47,0.6953168105030372
1,1,19.59,0.7934104922461878
0,0,7.07,0.15040161554968015
1,1,16.1,0.7670929372533645
0,0,18.46,0.14331733648195993
1,1,12.64,0.7759065365625972
0,0,7.27,0.12871089133419694
0,0,,0.14852215569943014
0,0,15.6,0.3697558181827832
1,0,12.63,0.47724452064621753
0,0,9.6,0.2105665331291859
0,0,38.99,0.38188065016170103
0,1,10.98,0.6645469589776082
0,1,70.6,0.7304814172931642
0,0,45.55,0.2712329943703344
1,1,13.0,0.6646238807406561
1,1,34.99,0.8888555196386104
0,0,24.0,0.15911517201017203
1,1,22.52,0.8872595883999708
0,0,34.5,0.1853176629180208
0,1,,0.8520095475530671
1,0,,0.2222618870128757
1,1,18.98,0.9095169731230063
0,0,7.55,0.17405961223714014
1,0,18.97,0.46909260382948514
0,0,9.98,0.2379969697663993
0,0,11.58,0.2909849709531896
0,1,,0.8825778391225124
0,0,12.07,0.24670048197655584
0,0,11.1,0.22407890107502704
0,0,4.98,0.21517744920352327
1,0,15.81,0.42497641288783494
0,1,4.58,0.9184277673953726
1,1,11.69,0.616194371610632
1,1,27.49,0.7726501669076693
1,1,37.53,0.691056433194686
0,1,19.99,0.8058938495549909
1,1,15.45,0.5660224593754665
1,0,13.64,0.20809687194880827
1,1,769.64,0.809117105218133
1,1,17.42,0.5143511851108211
0,0,,0.3532577143949363
0,0,16.25,0.1218824998058697
0,0,5.35,0.47395176904856573
0,0,,0.27435228504077824
1,1,30.1,0.8244735058090563
1,1,14.28,0.6835040017710485
0,0,13.84,0.43326812168337386
0,1,20.07,0.7344153772158306
1,1,12.98,0.5510014345113557
1,1,29.63,0.7487126981527688
0,0,18.3,0.17137640331609613
1,0,27.49,0.3205463515165115
0,0,44.99,0.32269077035789173
0,0,11.44,0.21744894235517184
0,0,11.66,0.1937384021375826
1,1,15.98,0.7868475769665332
1,1,11.99,0.8210995722164504
1,0,13.83,0.3706053696608824
1,1,16.69,0.9276774450870621
1,0,,0.09625897697343758
1,1,17.98,0.760868113835516
1,1,15.08,0.6820630709981527
1,1,27.98,0.570381359789412
0,0,13.98,0.32841295998110537
0,1,21.99,0.7456751881797257
0,0,7.97,0.13483330590823012
1,1,13.36,0.7072851606175696
1,1,,0.5626860444701528
1,1,18.45,0.8563480084282122
0,0,15.83,0.38475970367331613
1,1,55.05,0.9244119200975437
0,0,13.14,0.3770165859679189
0,0,11.99,0.2896174913634089
1,0,18.95,0.4980743549627699
1,1,16.1,0.7922223619064088
0,0,11.76,0.23063626692272465
1,1,23.99,0.8569843099146148
0,0,,0.40579296349862276
1,1,,0.895832363510397
1,1,14.74,0.787468449512767
1,0,39.99,0.32821468137880444
0,1,8.19,0.7773655979687631
1,0,11.98,0.17713165472124998
0,0,12.95,0.16959817524714474
0,1,,0.67397605558727
0,0,9.99,0.16821598814863958
1,1,11.71,0.8411499099615196
1,1,18.49,0.5619714245558293
0,1,37.04,0.8266289526450092
1,1,50.05,0.8168562994620558
1,1,9.07,0.7081543656241468
0,1,13.44,0.7469359968710368
0,0,14.99,0.19766478776116247
1,1,16.68,0.6367192276586903
1,1,19.99,0.857600475758583
0,0,20.68,0.21426971086002672
1,1,12.4,0.7682609250231386
1,1,17.99,0.8178848668606045
0,1,14.98,0.6948965855298264
0,0,14.99,0.1332945257526177
0,1,16.59,0.7258318213262772
1,1,7.78,0.7100850235886395
1,1,42.98,0.7794904776363453
0,0,21.99,0.1922218416011052
0,0,12.99,0.16015897738658266
0,1,39.55,0.7930403169934073
1,1,23.22,0.8559457295081597
1,0,3.88,0.21205713440663004
1,1,51.13,0.9274015739753848
1,1,,0.8000033683316468
1,0,,0.41166594183554994
1,1,15.98,0.7555922643316186
1,1,10.98,0.7841259011824931
1,0,,0.47195684288821854
0,0,20.99,0.14267539216717648
0,1,18.08,0.6299704494663366
0,0,22.99,0.36130868386639053
1,1,16.44,0.7899774414881715
1,1,12.34,0.9163845789228342
0,0,13.24,0.365694107688611
0,0,14.5,0.26209924550023833
0,0,12.99,0.3235687604803496
0,0,48.34,0.1822655852267456
1,0,19.95,0.39023740290664977
1,1,8.85,0.6190438228978737
0,0,12.9,0.184065600205408
1,1,14.85,0.7617551574718161
0,0,9.98,0.11294219572155122
1,0,23.49,0.3725820141901513
1,1,,0.9340017503824602
1,1,31.4,0.5670478273802467
1,1,10.95,0.8512185876759215
1,1,26.96,0.6144115231935198
1,1,70.3,0.8868715974105355
0,0,,0.45828933627176327
0,0,16.26,0.1521659004750411
1,0,13.99,0.22141295158012003
1,0,,0.18241342533884694
1,1,7.07,0.5440971598649611
0,0,21.99,0.18798687888665308
1,1,7.5,0.6825912529983382
1,1,10.97,0.6212028434179546
0,1,10.98,0.7854877531270631
0,0,11.85,0.2487552809267103
0,0,22.2,0.29110488728502065
0,0,13.35,0.2171276730368447
1,0,99.5,0.4998532877235423
0,0,10.59,0.26002115974834294
1,1,40.57,0.7840364719315291
1,0,7.99,0.44837954707428557
0,0,,0.4027588231587291
1,1,16.89,0.7982252674876895
0,0,22.99,0.49649290187907025
1,1,21.99,0.5053152999194743
1,1,31.89,0.5867641139524041
0,0,9.33,0.2794831672983182
0,0,25.49,0.32319971848773127
0,0,11.99,0.18295442912856288
1,1,23.0,0.5839819157811793
1,0,16.65,0.4443108622686737
0,1,3.99,0.6445975367596466
0,0,13.76,0.19047118507922325
0,1,15.24,0.7171318102221942
0,0,6.71,0.47093918563856607
0,0,30.3,0.1578014886740179
0,0,8.79,0.2380769160537604
0,0,9.99,0.27124746190641114
1,1,15.99,0.8852322391386178
0,0,10.69,0.22459650545915522
1,1,29.46,0.8264858442967884
0,0,19.06,0.19822702035799245
0,1,24.96,0.5406002675981333
0,0,15.95,0.19608528878303766
1,1,,0.8693317188649312
1,1,9.95,0.6528701109382595
1,1,21.95,0.8610053043250485
1,1,,0.62720378645189
1,1,15.62,0.6142227313979713
1,1,16.14,0.7918402347613603
1,1,26.99,0.8537148353440602
0,1,3.8,0.6749956130252744
1,1,11.44,0.6709378676424335
1,1,12.99,0.7373827111518177
1,0,138.34,0.3205921860980176
1,1,12.66,0.7044724357329255
0,0,8.96,0.28576463528872237
0,0,18.49,0.17034458364237992
0,0,,0.3373762140216047
0,0,14.69,0.488529497688073
0,1,199.99,0.8371803202979904
0,0,10.77,0.14232026307963414
1,1,13.98,0.8269066995861523
0,0,16.31,0.11343427617851082
1,1,8.19,0.5479883867843992
1,1,16.35,0.6048852024326677
1,1,15.56,0.827284426547104
0,1,6.44,0.8560245740171526
1,0,11.88,0.3914735219658427
1,1,36.66,0.7601304413509107
1,1,8.98,0.8870398519182792
1,1,13.98,0.7957830295495053
1,1,11.0,0.8229876894031344
1,0,10.74,0.3805318594584489
1,1,13.98,0.8720737576177306
1,0,20.0,0.4809491787140301
0,0,12.69,0.33840915579244774
1,0,8.27,0.25282176569126125
1,0,7.98,0.4061723928949756
1,0,24.99,0.44479141018011764
0,0,9.84,0.2158391634988507
1,1,,0.7262408535915964
1,1,9.23,0.7362060838152045
1,0,18.08,0.3188105383254867
1,0,46.32,0.33837034348508904
1,1,15.35,0.5997397718091707
0,0,18.99,0.1992656860118389
0,0,7.98,0.407930110812206
0,1,79.99,0.6926833147795399
1,1,,0.8242736402791817
1,0,13.35,0.30273690739828896
1,0,10.99,0.494569073626863
0,0,15.84,0.23860322650206214
0,0,19.98,0.15358970513224388
1,1,20.08,0.9204690287255158
0,1,11.49,0.8630921813526591
0,0,12.54,0.29053279060837767
1,1,9.91,0.518544687405828
0,0,13.79,0.19173551562101662
0,0,,0.24470434198055463
0,0,70.26,0.2825678943942668
1,1,14.98,0.891437253783829
0,0,,0.31325041947639465
1,1,20.93,0.8048621059449071
1,0,26.11,0.4518891927303765
0,1,11.49,0.6481389085122572
1,1,11.98,0.8161345516407364
0,1,9.1,0.7296370583607144
1,0,27.0,0.36486933802360194
1,1,,0.8395039455612411
1,1,17.09,0.5544826339142945
0,1,14.5,0.6017003609903104
0,0,27.39,0.3848173898748898
0,0,9.29,0.1555528658875211
0,1,13.49,0.5752704175591105
1,1,14.49,0.9417378565929414
0,0,24.99,0.1831773608680922
0,0,15.98,0.24122050589523786
0,0,,0.28015344377163953
0,0,7.98,0.17701614374636715
0,0,9.11,0.11151405660360449
1,0,13.98,0.3721272778758532
0,1,13.98,0.7440719604769808
0,0,14.85,0.27663172100407474
1,1,26.11,0.6688874964699645
1,0,32.49,0.4805023510420495
0,0,10.99,0.1897748197922528
0,0,7.8,0.18579827810582253
0,0,15.65,0.1758111013184589
1,0,17.79,0.3757983945485927
0,0,30.62,0.2073569105999913
1,1,32.56,0.8497945829365201
0,1,,0.6309377751872917
0,0,8.63,0.12755284636933503
1,1,5.98,0.5563757184831825
0,0,12.0,0.09806770763590694
1,1,19.24,0.5223276424729174
1,1,27.72,0.8354987118981603
0,0,12.98,0.17635875631290798
0,1,7.98,0.5543791622438144
1,0,261.0,0.4474586230556303
1,0,14.99,0.14209219131729764
0,0,110.0,0.3136335920667342
1,1,12.98,0.5052777426404365
1,0,11.98,0.26282027174540235
1,1,6.98,0.8950085784211547
1,0,23.49,0.23886930306773707
0,0,12.0,0.17431505499359923
0,0,14.06,0.18480278487664012
1,0,11.45,0.1908478904524064
0,0,22.29,0.4574374995666843
0,0,,0.2566096194835559
0,1,71.99,0.5574580741421555
1,1,13.98,0.7856970245018662
1,1,15.18,0.6439544186730025
1,1,23.49,0.7453701696217676
1,1,6.99,0.6632163869729638
0,0,52.44,0.30385362912835057
0,1,31.98,0.5448172093226624
0,0,12.19,0.31611283176722876
1,1,18.98,0.6152171323528979
0,1,22.83,0.7277206241223085
0,0,22.47,0.3547028092871544
1,1,20.45,0.8773728336775887
1,0,15.51,0.12591669248607146
1,0,,0.396174753753643
1,0,11.98,0.34023724103457265
0,0,3.42,0.27012701762888475
1,1,7.98,0.6414440376847732
1,1,56.99,0.7376301848686925
0,0,11.69,0.22433613039885447
1,1,27.34,0.7987734238157199
1,1,27.94,0.5465948140382756
0,0,,0.1982083883726916
0,0,7.27,0.2897786015574318
0,0,19.98,0.23392415070579844
0,0,11.78,0.154729309973464
0,0,9.73,0.45928518766743764
1,0,7.27,0.2999950655196779
0,0,19.31,0.1924094768774153
1,1,97.5,0.5441698817205904
1,1,11.4,0.7058491170606185
1,0,10.72,0.40454929187105526
1,0,22.49,0.21086732613817247
1,0,11.99,0.3605839061159229
0,0,18.59,0.30121943680495855
1,0,12.64,0.22238842603221745
0,1,25.98,0.8504040476548453
1,1,18.1,0.8907827261937384
0,0,10.98,0.184644244691239
1,0,11.98,0.28300110976192167
0,1,16.97,0.873821968559119
0,1,12.59,0.7160860264970719
1,0,10.53,0.363382444119911
1,1,7.98,0.7886943187513009
1,0,19.24,0.16673371991555144
0,0,12.98,0.10038173598057279
1,1,23.62,0.6142400159588425
0,0,15.91,0.29926309686597197
1,1,17.11,0.6430402784759017
0,0,14.99,0.3814972246789063
1,1,51.12,0.8104548936257759
0,1,16.7,0.8937526810359309
0,1,11.89,0.5229387265683892
1,1,14.7,0.8296384877932172
1,1,29.98,0.728440631030789
1,0,31.3,0.3816086089572164
1,1,,0.6653158738147371
0,0,12.12,0.14624561446265136
1,0,29.75,0.48334434146771943
1,0,14.95,0.2673339507361071
0,0,7.82,0.35825150166952097
1,0,7.98,0.33013264607932336
0,0,13.84,0.12416717346802165
0,0,13.98,0.16095008100706107
1,1,29.98,0.5430244107097972
1,1,21.97,0.7914732756616083
0,0,8.85,0.1393538869812429
0,0,11.71,0.22221278616619614
0,0,14.99,0.2911499407883012
1,1,10.4,0.6143902034051387
0,0,13.98,0.09172877122078389
1,1,33.49,0.6843643720729535
1,1,,0.8164726191034494
0,0,11.37,0.18177333833012674
1,1,10.53,0.6811650958685566
1,1,11.98,0.6047869926985356
0,0,11.78,0.20147977863326766
0,0,18.98,0.27529679341843394
1,1,13.98,0.5670238001141221
0,0,11.29,0.24672371057320802
0,1,,0.5582322470453218
1,0,37.85,0.3567422985944209
1,0,7.92,0.23698163361370192
1,1,,0.8140737624555832
0,1,13.99,0.8362192535975097
1,1,15.5,0.7805860700218245
0,1,,0.7552972634083278
0,0,7.43,0.24763498128099107
0,0,8.5,0.12423138909569009
1,1,16.98,0.816773833944247
0,1,12.99,0.6483849642030489
1,0,8.86,0.32207397181147546
0,1,3.99,0.7051529659655026
1,0,26.13,0.26252726431196205
1,1,39.88,0.798904776665981
0,0,11.98,0.1742238065247954
0,1,45.99,0.7301767773237241
0,0,99.99,0.25594095183603277
1,0,28.21,0.16260881395762208
1,1,18.65,0.6991004282098557
1,1,11.49,0.7988517899217117
1,0,10.98,0.2206668006846579
0,0,104.71,0.2723440266681021
0,0,,0.36510583465485186
1,1,42.49,0.7530937823349035
0,0,21.85,0.3062595067672209
1,1,86.85,0.708080804430106
0,0,11.49,0.2509472519136784
1,0,21.91,0.17985533509381085
1,0,15.39,0.4727494024164836
0,0,,0.20908335128718042
1,1,7.98,0.8669303248868399
0,0,,0.27083772960551555
0,1,13.98,0.6257554092546025
1,0,74.99,0.27514017850903066
1,1,,0.8336240216712754
0,0,11.98,0.38058767811416705
1,0,30.97,0.3434192058469805
0,1,18.0,0.59138376517078
1,0,13.76,0.323876493086051
0,0,,0.29477599893977424
0,0,21.99,0.3889259889692122
1,1,8.99,0.6583994613267173
1,1,10.77,0.8134113443262734
1,0,,0.1979012868478774
0,0,9.37,0.35140157317438836
0,0,14.77,0.18257155093212443
1,1,17.5,0.8216980352205993
1,1,13.98,0.6493103397345552
0,0,,0.18873748402037352
1,1,11.98,0.8156546722263635
1,0,26.99,0.1871466213003364
0,0,2.05,0.20709484311713794
1,0,19.45,0.3593679730990848
0,1,8.46,0.6017191813744879
0,0,17.0,0.314259139767106
0,0,65.55,0.20576561086239326
1,0,11.98,0.18762161540567782
0,0,16.3,0.2716259854307506
0,0,14.98,0.3372235221483517
1,1,7.07,0.5922749466664532
1,1,18.77,0.808244887289004
0,0,13.05,0.22793512942929672
1,1,7.49,0.8289241402301762
1,1,11.63,0.8511548005872983
0,0,16.83,0.42704605806242946
1,0,16.31,0.3162414478060012
1,1,,0.6695907392480037
0,0,13.98,0.1331137949669168
1,1,,0.5777440475093952
0,1,,0.5982946955928364
1,0,6.98,0.28758940489547374
0,0,,0.15763840148094285
1,1,11.99,0.5895160672015239
0,0,13.98,0.17397154166749532
1,1,9.28,0.6312052149515653
1,1,33.58,0.5608308677197248
1,1,11.99,0.6379796326457153
0,1,64.99,0.7657952655607827
0,1,10.96,0.8069204760460114
1,1,,0.8056461145254293
0,0,13.79,0.30348120589158023
0,0,7.0,0.20175753812985314
1,0,17.99,0.27531742155427663
1,1,16.95,0.8956190735128108
0,0,13.98,0.47986206096229667
0,0,35.99,0.30212478846286805
0,0,18.51,0.2542286358285639
1,0,12.69,0.31058167240931284
0,0,69.99,0.1906543239085319
0,0,11.98,0.1354131915288032
1,1,19.77,0.8395724012538589
1,1,16.16,0.9282011319446747
1,1,16.2,0.7960995702581412
0,0,,0.3459282713136117
1,1,33.95,0.778812122447695
0,1,15.27,0.6849645618987918
0,1,13.86,0.5357692468881547
0,0,21.24,0.2850939349241908
1,1,23.48,0.8561879114608424
0,0,37.98,0.15537745810404296
1,0,7.25,0.4990499869779518
0,0,63.36,0.15157153766910914
0,0,,0.4244835715767913
1,1,19.99,0.7374354017357307
0,0,12.97,0.18536770880475825
1,1,29.99,0.5602544116753231
0,0,,0.2967145748272176
0,0,214.0,0.4760849848377383
1,1,16.3,0.5972316105504141
0,0,36.01,0.37839313992736023
1,1,258.07,0.9547155830783606
0,1,2.93,0.5892182085130545
1,1,13.98,0.7866548883978195
1,1,13.24,0.5098051363890562
1,0,9.98,0.24964732062084274
1,1,13.99,0.9591172811906719
0,1,29.07,0.674242071114557
0,0,27.61,0.14376211697895117
0,0,7.65,0.23626004697575576
0,1,,0.606152494962176
1,1,17.03,0.5699729470825893
0,1,46.87,0.8366413973117058
1,1,16.76,0.8058168586660724
0,0,14.98,0.16110126309094727
0,0,36.99,0.1807498534619927
1,1,,0.7791724935309525
1,1,24.53,0.8104199746543331
0,0,10.01,0.2623613106414868
1,0,,0.24783380286043954
1,1,11.98,0.6084453370340013
0,0,34.48,0.16514584370447424
1,0,11.15,0.4944616891415152
1,0,25.28,0.12315198115087213
0,1,15.99,0.6897385864973714
0,0,20.47,0.34367719842852457
0,0,11.99,0.19706981635490403
1,1,,0.8076426934002787
1,1,24.98,0.7341881122389793
1,1,17.99,0.5161565636303184
0,1,14.99,0.7946105057505534
0,0,14.39,0.14992889776290771
0,1,66.0,0.5406492580326892
0,0,16.26,0.27993918016708025
1,1,18.66,0.8525543272710983
0,0,7.8,0.12634413507988052
1,1,,0.6052513656892942
1,1,12.24,0.6527670972287765
0,0,21.5,0.28970513120943836
1,0,10.99,0.42756960909962005
0,1,13.07,0.6597668111811638
0,0,,0.1265258717531258
1,1,11.65,0.8720239959376302
0,1,12.99,0.7773533009207095
0,0,14.98,0.16228561766859556
1,1,38.85,0.6574919123300013
1,1,37.83,0.8968489922620616
1,0,16.99,0.4807991365834415
0,0,,0.27003809030201437
0,0,13.5,0.14347110516090422
0,0,15.98,0.3053655644552744
1,1,73.58,0.7249704237149074
0,0,23.59,0.1790771247406532
0,0,23.49,0.4809484598199546
0,1,,0.6913366989653308
1,1,23.33,0.7363232814247881
1,0,14.98,0.28919025625821754
0,0,15.91,0.20857172243631386
0,0,9.98,0.2823504612922972
0,0,,0.43049213645743983
0,0,29.49,0.31468189245348815
0,0,16.79,0.4253399463371014
0,0,13.98,0.13855621376075003
0,0,78.0,0.4553862828218509
1,0,17.99,0.46846248124285966
1,1,45.72,0.676052102581614
1,1,12.68,0.6096745573521875
1,0,7.27,0.33393837629189266
1,0,7.58,0.41849853441180795
0,0,8.77,0.21884732057323275
0,0,16.97,0.24330135694681596
0,0,7.64,0.14291850071924347
1,1,32.98,0.7570712729347867
0,1,,0.6087036650297344
0,0,28.97,0.20774786042152618
1,1,12.9,0.7899840694234774
0,0,21.83,0.27239844467556673
1,1,9.98,0.6241345421050175
0,1,46.12,0.5943876914291464
1,0,14.98,0.3344647352147504
1,1,15.49,0.7951949367014489
0,0,15.42,0.28938067857172983
1,1,,0.6318177378892115
0,0,18.99,0.35584960496025736
0,0,12.85,0.29377185715117676
1,1,8.39,0.9326760158838332
0,1,25.17,0.5229977299878616
0,0,15.99,0.31840886266388624
0,0,34.99,0.3276023567006024
1,0,12.63,0.47724452064621753
0,1,,0.6212291600573162
0,0,13.99,0.1282021484320965
1,1,23.99,0.9522075714856165
1,0,20.99,0.37624892126510795
1,1,28.59,0.7478369453859025
0,0,12.69,0.16595050153983995
1,0,29.99,0.2404949669920031
1,1,13.91,0.8607850210529123
1,1,14.83,0.7622504918986863
0,0,10.98,0.2041120691135464
1,0,6.99,0.3559967975487768
0,1,33.67,0.8818988813189027
0,0,21.01,0.19943914434071588
1,0,52.25,0.391097803961939
1,1,37.99,0.8341976505842714
0,0,13.6,0.22183065247103081
1,1,9.99,0.8878669190731316
0,0,23.09,0.1082544323769082
0,0,11.98,0.37752428499149543
0,0,19.95,0.30665523622083923
0,0,5.61,0.22790079250785525
0,0,28.9,0.16456440191215507
1,1,15.86,0.7238499112969803
1,1,15.56,0.6003969106835743
0,1,54.88,0.6953190172490505
0,1,7.28,0.5875626865032844
1,1,29.82,0.8933624654595205
1,1,8.99,0.5169272672899833
1,0,26.76,0.4351954789885999
0,0,22.87,0.17143112868231447
0,0,,0.2176405049841608
1,1,18.38,0.6582728595787974
0,0,25.49,0.2655815864425736
0,1,5.85,0.7040625189651243
0,1,12.51,0.7321317677386024
0,0,20.78,0.2016814044245177
1,1,30.6,0.8248548692690147
0,0,9.95,0.27936404805395865
1,1,6.8,0.8210315846988749
1,1,24.14,0.7543416209833541
1,1,49.62,0.697717888124132
0,0,17.98,0.16871419190580497
1,1,19.0,0.9440716991202575
0,0,,0.13283337191012964
0,0,7.8,0.40290352427726506
0,0,22.99,0.341178524295904
1,1,24.46,0.8885826065111414
0,0,14.98,0.2953367881992935
0,0,23.99,0.20931924293040627
0,1,95.42,0.706965190812641
0,0,4.17,0.43517045942661564
0,1,,0.78017117104101
0,0,12.69,0.13911113340347803
0,0,,0.19377321271756198
1,1,17.8,0.8873292300047776
1,1,30.89,0.855746672521829
1,1,7.98,0.7490681124592706
1,1,35.0,0.8666514936828357
1,1,14.48,0.6586756329163843
1,0,,0.4858532418873251
0,0,18.99,0.15189774519875207
0,0,17.28,0.12632065973832773
0,0,22.99,0.47628369410701177
0,0,14.55,0.3045689484276963
1,1,13.98,0.8210522696408105
0,0,15.28,0.20417165497197448
0,1,32.98,0.6599623112686129
1,1,22.71,0.5524587754285126
1,1,13.89,0.7005188539977653
1,1,,0.621491083032759
0,0,11.98,0.4875279502701617
0,0,,0.1648471074078025
1,1,,0.610689937277311
1,0,13.99,0.29772181635582823
0,0,11.99,0.20076930793052566
0,0,,0.2006318103948481
1,1,19.59,0.7047349763563636
1,1,,0.904917628466334
1,1,13.98,0.7817479688788502
0,0,69.7,0.336901542469674
0,0,15.7,0.4440198963711092
0,0,7.06,0.3140998601488708
1,1,24.98,0.8809637671989605
1,1,11.49,0.8258691499269497
1,1,7.98,0.7320408728923468
0,0,17.87,0.41175694486017345
0,0,27.95,0.38076122983805377
1,1,16.97,0.7710919281934212
0,1,18.66,0.7457922344801271
0,1,23.62,0.6689296179222495
0,1,41.23,0.5318556183004101
0,0,13.52,0.15591676307299324
1,1,11.92,0.89374556870691
1,0,29.98,0.41006948149880706
1,0,9.37,0.43886916810652055
1,0,12.66,0.17902668153221962
0,1,44.99,0.5135296610235205
1,0,10.99,0.22279312178661267
0,1,99.99,0.6214265691516128
1,1,17.77,0.8585955371121208
1,0,,0.41325988479833753
1,0,38.9,0.23397510424148246
0,1,,0.7374757098357766
0,0,19.84,0.2765952323663231
0,0,13.44,0.3774589506225077
0,0,,0.3392503905201521
1,1,23.59,0.7641425754892478
1,0,30.0,0.335990284244455
1,0,,0.47492138281826884
0,0,13.81,0.3161342828843838
0,0,,0.48595838107567685
0,0,,0.18937011324714745
0,0,,0.14348044124506243
0,0,19.99,0.16033791303825096
0,0,12.17,0.15916157157343042
0,0,12.98,0.180753649000302
0,0,3.28,0.3098869943079199
0,0,12.99,0.23310249149685314
1,1,13.44,0.8578119286309888
0,0,11.93,0.18391058366254792
1,1,9.28,0.7678930381314956
1,1,176.12,0.8997800980690399
1,1,18.99,0.7623789246487064
0,1,15.59,0.632020954126593
0,0,10.89,0.1663727964275841
1,1,13.79,0.5746431706423063
0,1,8.85,0.6106813773018293
1,1,35.92,0.7188693426915025
0,0,,0.2076175570090118
0,0,97.0,0.3321576145336638
1,1,11.98,0.7511354252406337
1,1,11.98,0.7666556068583683
1,1,,0.7277577502412681
0,0,6.0,0.17607581028241134
0,0,14.98,0.28217643247114793
1,1,31.52,0.8421728999407222
0,1,70.97,0.5183751321772047
1,1,11.99,0.5403904826144253
0,0,,0.15471963834562755
1,0,21.04,0.17092574821622086
0,1,,0.5658937371554768
1,1,17.19,0.7781771766889198
1,0,12.97,0.35665409957528127
0,0,9.02,0.1935780717811599
0,0,58.93,0.16459680900066923
0,0,8.96,0.2896280325272872
0,0,9.98,0.20349945251869286
1,1,7.3,0.8252580185568251
0,1,10.47,0.7023002790966387
1,0,45.59,0.35403854190883055
0,0,7.98,0.31436747985396013
0,0,14.98,0.4182346977909051
1,0,29.52,0.14864830896458525
0,1,,0.6054760743664871
1,1,14.17,0.8154030146890922
0,0,18.99,0.3915730227457267
0,1,,0.616230724336737
1,1,10.99,0.7284133765406605
0,0,15.0,0.3275190706436713
1,0,11.39,0.12197646599749805
0,0,11.53,0.2190798192321716
1,1,31.9,0.6551808687170732
0,1,29.57,0.5127823694510008
0,0,14.39,0.2381239101220965
0,0,21.05,0.13753252357930307
0,0,16.61,0.15394684004894943
0,0,4.28,0.34122088901934516
1,1,15.4,0.5482585631627273
1,1,7.27,0.8071656165356865
0,0,17.35,0.14950922093278654
0,1,14.35,0.5590450554263692
1,1,13.98,0.8077484700202102
1,1,62.0,0.5753397007215283
0,0,20.28,0.21434057654960845
1,1,28.02,0.6426425875983219
0,1,13.8,0.7505247001757224
1,0,5.34,0.49485024974175434
1,1,5.24,0.6546368593564199
1,1,14.95,0.6086067892732503
1,1,116.76,0.7441605411452
1,1,29.64,0.9192362584638845
1,1,23.49,0.6796530871308476
1,1,8.19,0.5727561071942093
1,0,11.42,0.14863414144182616
0,1,13.78,0.5706157281186561
1,0,,0.4866912015920861
0,0,12.99,0.22114080271396935
0,0,,0.3300740680690664
0,1,12.93,0.792414308598676
0,1,12.19,0.5352592391231074
1,1,,0.7050490967773919
1,1,21.97,0.8549992412304316
1,0,12.07,0.2137324067781204
0,0,24.95,0.1947641785746794
0,0,9.96,0.17923665159428503
0,0,9.58,0.3459881983833987
1,0,15.96,0.2975542601144922
1,0,11.74,0.22855976182154994
1,1,16.09,0.6273353126157484
0,1,17.33,0.8299745698404922
0,0,18.49,0.2496858834672788
1,0,27.99,0.2902333362482
0,0,25.86,0.19838195477729695
0,1,,0.5843968325529271
1,0,13.98,0.30925195030261377
1,0,,0.3336528439779862
0,1,17.18,0.8662992258711866
1,0,14.85,0.41590043867507126
0,0,7.07,0.3154003847975055
1,1,,0.8016707511145298
1,1,39.75,0.5129551122371152
0,0,7.78,0.38727568298437376
0,0,9.08,0.2333179187899028
1,1,11.96,0.8160885050683739
0,1,,0.610745008225895
0,0,7.24,0.3021121533516841
1,0,14.95,0.3738463883079954
0,0,20.59,0.2191893791723617
1,1,36.94,0.8915979491368167
1,1,29.53,0.6359961472960167
0,0,9.76,0.10634865409992035
0,0,,0.2061663361852275
0,0,,0.3821757204789496
0,0,24.97,0.3186519652658502
1,1,83.88,0.9086546842155766
1,1,,0.8256098898028272
0,0,9.97,0.35686440928053853
1,1,10.51,0.7942603630571543
1,1,56.63,0.8577259277300919
1,1,11.99,0.9008238164216587
0,1,26.98,0.6164306372745966
0,0,17.99,0.4780499378678099
1,0,34.99,0.20024848262269299
1,0,6.98,0.17352343065978942
1,0,10.28,0.1743250472695034
1,0,9.98,0.40178119424021097
0,0,12.59,0.16348351132373526
1,1,70.59,0.5748166595795623
1,1,8.19,0.7353217889968496
1,0,16.89,0.3409727438787433
0,0,16.31,0.3635548294278263
1,1,29.99,0.9372345881244759
0,1,,0.5214157248157832
0,0,46.01,0.20159804994089525
0,1,15.81,0.6853756243438831
1,1,10.39,0.781099061446394
1,1,13.98,0.8880348400743998
0,0,14.46,0.18278137676076633
0,0,10.99,0.17861795309103481
1,1,13.63,0.764354242342142
0,0,14.17,0.1580649464446343
0,0,8.99,0.28045596083008756
1,1,48.36,0.9048566625851375
1,1,14.68,0.7883292017641959
0,0,9.11,0.13872962120401353
1,1,9.49,0.6467432747557613
0,0,23.46,0.297053768886041
0,0,19.97,0.17388436131018478
1,1,23.99,0.5924154926343942
1,1,,0.7880080891430282
1,0,16.99,0.3461681858043472
1,0,18.82,0.37071511620207587
1,1,19.98,0.7441584322314385
0,0,10.49,0.2148137640071425
1,1,71.45,0.8809792955106329
1,1,,0.7781157063204591
0,1,,0.5728933297022066
1,1,9.98,0.8743225554235651
1,0,,0.353443019239653
0,0,,0.16961867344960027
0,1,19.63,0.6561066136069147
0,0,8.47,0.2455987214446813
1,1,12.59,0.9075829678376907
0,0,25.55,0.37055846893886096
0,1,21.99,0.7320017756793832
0,0,8.99,0.2269378021731997
1,1,21.98,0.7503795194452492
1,0,11.18,0.44759123176693616
1,0,13.98,0.321659401916811
0,0,24.98,0.13571680690839447
1,0,10.42,0.3486934790132812
1,1,20.0,0.7219795299710742
0,0,16.68,0.1585674486270238
1,1,12.59,0.5134946428441405
0,0,13.87,0.15834555610994583
1,1,18.97,0.8997134948165371
1,1,19.19,0.8527610754085432
1,0,11.98,0.37044624966064155
1,1,17.95,0.7213019008423621
0,1,19.93,0.6402665380756506
0,1,11.98,0.6045494131684667
0,1,23.23,0.5602952086648489
1,1,13.99,0.9092970497856198
0,1,23.16,0.7398983769425481
1,0,20.99,0.33680774257211143
1,1,114.27,0.626944464387862
0,0,5.95,0.26062519560679037
0,0,6.98,0.1283709332670101
0,0,7.68,0.196704232862505
0,0,4.77,0.12271000489643491
0,0,14.98,0.14677132969836126
0,0,10.67,0.1272259373920765
0,0,,0.12833000596018965
1,1,20.49,0.7951266601193119
1,0,5.24,0.4221044801789353
1,0,,0.4103469595761331
1,1,18.17,0.7458061047321888
0,0,,0.23962221086085664
0,0,7.99,0.21299628297427883
1,0,22.67,0.4142131877461414
1,1,8.19,0.5868394789653634
1,1,21.97,0.8275438949708306
0,0,19.88,0.27335062593871584
0,1,78.99,0.7839787424218821
1,1,20.98,0.7946949804865001
1,1,24.23,0.6541573885555799
1,1,20.65,0.5142691560363756
0,1,12.97,0.6509275685135524
1,1,15.39,0.7048087571214375
0,0,18.29,0.18708978258938325
1,0,11.45,0.18688867292585384
1,1,21.49,0.7096042900725973
0,0,,0.2333114182871272
0,0,25.73,0.12612588032634645
0,1,11.98,0.5333495065084694
1,1,11.69,0.536120975491912
1,1,11.42,0.8972295626445739
0,0,69.99,0.26763560248073914
1,1,,0.5292730351104936
0,1,19.32,0.8297195225045284
0,0,14.99,0.17064882982172103
1,1,18.45,0.7677239825190333
0,0,11.99,0.18273204269878848
1,1,17.23,0.6875214992748443
1,0,41.18,0.4262517385397314
0,0,,0.2036379580203246
0,0,133.99,0.2529394818085776
0,0,12.84,0.20706890784640672
1,1,18.99,0.930779401493173
1,1,32.26,0.8823399554196283
1,0,14.98,0.22868784524723643
0,0,23.17,0.1579849650768594
0,1,10.98,0.8126849069090712
1,0,3.0,0.4216263261186053
1,1,12.22,0.6828200583786833
1,0,,0.49715872764699864
0,0,11.65,0.134100243066418
1,0,11.0,0.31367725415233755
0,1,14.62,0.7449403086016687
0,1,40.0,0.8271787560563827
0,0,32.56,0.2057307300920151
1,1,14.53,0.5753439607564654
0,0,25.49,0.401603069689888
0,0,13.06,0.21387159081864335
0,0,7.89,0.3554720904522602
1,1,21.0,0.8266102608756943
0,0,18.76,0.24439932468226946
0,0,,0.2734744359333601
1,1,13.68,0.7623051447490452
1,0,24.99,0.4194787218360132
0,1,13.98,0.5951365481499228
0,0,20.98,0.153447801240519
0,0,8.98,0.1660944424170787
0,1,,0.8603828264073065
0,0,15.83,0.14483561465628877
0,0,12.34,0.2335658052271863
0,0,13.99,0.13747680096806997
0,0,14.95,0.2639080164445852
1,1,11.98,0.6371528537046114
0,0,14.82,0.13493512637896962
1,1,12.99,0.8766531214462752
0,0,11.84,0.3796533036735879
0,0,39.99,0.3328805967522883
0,0,,0.18155066905023318
0,0,10.28,0.24474015929043683
0,0,13.52,0.21184601084836255
0,0,,0.16091308461543938
0,0,25.75,0.46296499782617623
0,0,12.96,0.3257653260488122
0,0,,0.43267341615065646
1,1,16.47,0.7630905724722106
1,1,13.99,0.5643705582266727
0,0,48.62,0.3222202395735771
1,0,8.07,0.21041077601320274
1,1,195.06,0.9155711272790497
1,0,14.17,0.37852585885539664
0,0,7.98,0.14254838785093932
1,1,,0.832677131162579
1,1,11.45,0.5505328800522367
0,0,12.3,0.1470390826609174
0,0,,0.3357216985051304
1,0,13.99,0.45229255886993336
1,1,30.75,0.7811963785333694
1,1,,0.6922935881486136
1,1,,0.6531962419139452
1,1,13.29,0.6715806436682057
1,0,14.98,0.48974792023170116
0,0,11.98,0.14745204982860663
0,0,,0.2375125087717099
0,0,17.9,0.35104870052936993
0,0,16.19,0.13939997463692877
0,0,7.98,0.11221607535874867
0,0,15.24,0.15620005483569863
0,0,16.46,0.11509572389925068
1,1,9.98,0.6465313482343443
1,1,14.42,0.595154954119733
1,1,34.91,0.8067719354851721
1,0,7.07,0.33311293469337844
1,1,15.45,0.9241468489273605
0,1,17.59,0.6556542507543385
1,1,17.97,0.6859837008219095
0,0,7.98,0.1787407534913726
1,1,15.99,0.5172629239192489
0,0,16.47,0.3489771923925007
1,1,22.98,0.7657030767863883
0,0,8.44,0.28559816038965313
1,1,22.98,0.6840742856593316
1,1,11.18,0.7892889251540613
0,0,32.66,0.4625185412056707
1,0,16.46,0.38433748947089796
1,1,21.58,0.8209332690034484
1,1,11.95,0.8282370309056166
0,0,2.99,0.31008199819741367
0,0,14.98,0.12949843183542492
0,1,24.53,0.916748133394544
1,1,7.65,0.8244269888181054
0,0,9.89,0.12848530210819373
0,0,27.33,0.19548884914735562
1,1,39.58,0.6060843432908581
1,1,13.99,0.6485648349360932
1,1,201.89,0.9223501257451007
0,0,9.93,0.35912458511202205
1,1,14.56,0.5571135970198888
0,0,94.87,0.39139299490170065
1,1,31.82,0.6065933761988787
1,0,14.09,0.4598492051418924
0,0,27.98,0.20484508220087722
0,0,25.19,0.22747936755183332
0,0,,0.24686932364315117
1,0,7.98,0.3525087231692815
1,0,17.79,0.47026370858202926
0,0,,0.23015119943039783
1,1,11.98,0.9149855430039675
0,0,27.99,0.34760124839830775
0,0,12.24,0.19497279936097778
1,1,8.2,0.718351763193563
0,0,9.5,0.1428598445614707
0,0,,0.3101933674823395
1,1,9.39,0.8483278486041754
1,1,7.07,0.8421404194946066
1,1,11.49,0.8475375383254938
0,0,14.55,0.12256261207221036
1,1,399.95,0.8899292311918633
1,0,20.55,0.4721281665474222
1,0,12.98,0.2128098146406038
1,1,9.96,0.6625221202484178
1,1,17.8,0.6391903162997633
0,0,,0.17078152339639177
0,0,23.05,0.1889267593834607
0,1,11.71,0.560190663698425
1,1,199.34,0.9328561483928286
0,0,13.98,0.17046298397444973
0,0,32.95,0.1483243842947247
0,0,26.4,0.1823460842546675
0,1,37.49,0.5726553196416944
0,0,19.57,0.15745679100371332
1,0,13.37,0.44465405131447144
0,0,5.99,0.21995019620612355
0,0,25.05,0.2616131823082592
1,1,24.98,0.8920541597722521
1,1,12.66,0.6560915047068282
1,1,21.91,0.8688923717918142
1,0,11.98,0.2861690493156248
0,0,29.98,0.2882602888628536
1,1,12.98,0.8441315374419937
1,0,7.27,0.3791510365752422
0,0,21.5,0.29157168612450574
0,0,12.16,0.23648612004441413
0,1,16.99,0.5881277080440915
1,1,20.22,0.6932913056347333
0,1,9.76,0.6104217477768482
1,0,39.94,0.3990479041706338
1,0,16.31,0.22208061894959366
0,0,,0.13955256622704226
1,1,240.0,0.9015828034651501
1,0,8.19,0.24520329184627115
0,0,,0.4051035193629518
1,1,26.73,0.635542658150299
0,1,19.99,0.7142553158558712
0,0,14.32,0.31776036390934814
0,0,,0.37156276069569993
0,0,13.99,0.20786280090036158
0,0,12.42,0.21739669373337048
1,1,22.98,0.5974770859486913
1,1,9.99,0.8345223166574255
1,1,19.99,0.6906996272931284
1,1,118.37,0.9630708887780883
0,0,14.67,0.27149489895417883
1,1,24.99,0.7842005310076452
0,1,16.98,0.7486521737781869
0,0,19.75,0.16317246298460547
1,1,,0.8208406529088457
1,0,16.95,0.3328743953337809
0,0,26.98,0.36112775537248976
0,0,7.98,0.4086305150417889
1,1,13.64,0.7768546475108014
1,1,11.99,0.6809927448093146
0,0,17.95,0.2481675445629753
1,1,10.28,0.5140846191289788
0,0,7.49,0.3459576090195513
1,1,12.34,0.8144252117256127
0,0,31.97,0.2643570624197462
1,1,31.49,0.8268503735142942
0,0,15.39,0.3431671672098004
0,0,10.43,0.11586205744972114
1,1,16.49,0.7705644331876721
1,0,11.99,0.2109310296903386
1,1,8.83,0.7635476320043069
1,1,10.99,0.8540138737573965
0,0,,0.3911121555956801
1,1,33.0,0.8646508795443842
0,0,12.34,0.4944335456924182
1,0,15.98,0.20131948670696548
0,1,7.27,0.6647137154680314
1,1,24.99,0.6531740913068977
1,1,10.98,0.7117729980579969
1,1,31.52,0.7774896791888029
1,1,15.98,0.8057259776175627
0,0,38.99,0.3394431959147467
1,1,133.99,0.8815403634448389
0,0,,0.38720652059420174
1,1,79.99,0.890575730038141
1,0,13.99,0.4226758318650745
1,1,34.71,0.5002254249947722
0,1,16.98,0.8471782247763225
0,0,13.98,0.2642262691546829
0,1,,0.6868151581501171
1,1,19.19,0.9405287827623422
1,1,14.87,0.8589753923350444
1,1,36.49,0.8074839232609112
0,0,17.8,0.15321444413824092
1,1,,0.604334053150668
1,1,,0.6426747179780874
1,1,16.97,0.6192294200037674
1,1,54.88,0.7765251649591294
1,1,11.99,0.5513558058672923
1,0,9.49,0.4867051154136858
1,0,18.98,0.48714331132007666
0,0,24.99,0.19777829039893693
1,1,22.98,0.6876259446284548
0,0,4.66,0.3069201590962257
1,1,109.5,0.851039655450135
0,0,,0.19997528205281356
1,1,39.94,0.9142871960927008
0,0,5.99,0.157713001567034
0,0,19.78,0.24257271808888012
1,1,13.98,0.8906823637224751
1,1,11.29,0.5636349259995016
1,0,16.66,0.37782511241184596
1,1,,0.6577071489603157
0,0,7.27,0.4221201489579823
0,0,11.98,0.2596464755450374
1,1,22.48,0.8330370815917203
0,0,7.66,0.2654327688467641
1,1,15.44,0.9272591230349941
0,1,4.0,0.8285964434798976
0,0,12.99,0.1866639331349714
0,0,14.09,0.31713794666064843
0,0,7.29,0.41520168076626635
1,1,11.19,0.8149292012466671
1,1,17.98,0.5664156031304018
1,0,26.99,0.36522622847648584
0,0,29.98,0.3111116471706152
1,0,11.98,0.2961671363760438
1,0,17.0,0.1958566480336203
0,0,114.0,0.1930022431063101
1,1,11.98,0.7761799160809136
1,0,21.15,0.19167601707562296
0,0,3.71,0.10434168013317549
1,1,24.99,0.762016902339836
0,0,26.99,0.12528458169878703
1,0,41.98,0.43125197357643574
0,0,9.68,0.2298137393940477
1,1,12.59,0.7231576784635387
1,0,,0.17921204384798683
1,0,17.32,0.20771524179253575
0,0,34.98,0.21990304978090605
1,1,17.45,0.6707590721590578
0,0,30.6,0.26226149271270127
0,0,10.51,0.15544180282887987
1,0,13.59,0.37554129677666725
0,1,11.97,0.5625793355131288
1,1,15.81,0.8355534463814029
0,0,2.93,0.1997082202547321
1,0,,0.36367120905524447
1,1,24.98,0.6762991113703894
1,1,10.98,0.5162658558035791
1,0,11.85,0.35458538266694256
1,1,60.07,0.9138849837305505
1,1,5.0,0.6371183459816089
1,1,14.99,0.5490825422229026
0,0,10.72,0.27147424281159366
0,0,23.99,0.40506517037169976
1,0,13.47,0.197378259464604
1,1,,0.7362899436660906
1,1,15.99,0.891647970835329
1,1,114.27,0.5814067619508042
1,1,19.13,0.8928091396767782
1,1,11.95,0.7934527965808212
0,1,18.98,0.7449369236639591
0,0,11.37,0.3205838942404331
0,0,14.75,0.19581789292381083
1,1,,0.6906792586056764
0,1,,0.6342812811898196
0,1,16.38,0.775603530394743
1,1,10.55,0.806125692354642
0,1,15.39,0.821218846127115
0,0,19.99,0.48758905084362314
0,1,23.72,0.8757879528935973
0,0,19.84,0.1638103939895607
1,1,94.1,0.7138729101448844
0,0,15.79,0.16685164969920827
0,0,11.98,0.28356326154845896
0,0,7.98,0.18572186268122093
0,0,27.92,0.23651159089680113
0,0,39.56,0.22076385352045322
0,0,40.61,0.37900487139797107
1,1,10.02,0.5967841362004402
0,1,21.72,0.6305937360906259
1,0,14.98,0.2003531894033177
1,1,,0.6819366116288164
1,1,29.4,0.8195240555316061
0,1,29.99,0.5331617539963648
1,1,16.95,0.8763058969429887
0,1,25.19,0.8161665092170789
0,0,21.55,0.19529800332266797
1,1,15.79,0.8172830051471494
0,0,9.7,0.1886934774527173
1,1,41.78,0.6473742676998401
0,0,19.08,0.2556967795143512
1,1,11.97,0.8812066172007575
1,1,,0.7239097810049347
0,0,14.17,0.1455667509727425
1,0,27.59,0.27827362091162483
0,1,12.77,0.78506532110974
1,1,13.97,0.8492045461565312
1,0,13.47,0.20805557906532576
0,1,22.95,0.5372736923674705
1,1,70.39,0.9101051991141128
1,0,19.79,0.22449926229159894
1,1,10.45,0.9081944282309208
0,1,42.99,0.8449229335736141
0,0,68.35,0.37434045722935605
1,1,22.98,0.7180196506811197
0,0,19.97,0.49795677950262257
1,1,19.77,0.9311983881075744
0,0,23.74,0.4524183518275581
1,1,11.99,0.8295833033859984
1,0,21.9,0.4835744021287555
1,1,7.98,0.5140387855313218
0,0,16.1,0.21561198932817494
1,0,18.48,0.38583188213282277
0,0,9.98,0.22875424779003192
0,0,22.89,0.15619543204990363
1,1,27.44,0.6706041708598288
0,0,14.98,0.16090032410657887
0,0,19.49,0.4413871194688813
0,0,16.15,0.48742290410141786
1,1,178.75,0.8051553788649467
1,0,11.99,0.321581844452468
1,0,25.98,0.31673728748581564
0,0,14.39,0.15914580501995337
1,1,13.97,0.9154544470724166
0,0,18.45,0.4000389591170346
0,0,8.51,0.24318781784358726
1,1,,0.6175437305258569
1,1,11.98,0.5973672005012315
0,0,13.98,0.17735332104904303
0,0,23.18,0.26528309099592545
1,0,12.98,0.2024444403034518
1,0,13.99,0.19447623466706992
0,0,14.25,0.12747584189043232
0,1,14.0,0.738840292609479
0,0,11.88,0.17213813700854377
0,1,25.0,0.7665322517766322
0,0,,0.14849165942111836
0,0,16.01,0.16298717346309122
1,1,19.79,0.7945843913068931
1,0,15.29,0.3377455313742237
1,1,104.99,0.9124488266932264
1,1,,0.8306161969064211
1,1,13.98,0.6428808163606816
0,1,,0.5289569354349225
0,0,18.94,0.3218869165818903
1,1,,0.8093048074194864
1,0,12.99,0.19194546323653122
1,0,13.75,0.35401595124383206
0,1,10.69,0.7743350079609594
1,0,12.19,0.416067330822818
0,0,31.95,0.15636713565819255
0,0,39.56,0.18003333115381787
1,0,29.97,0.19890892234726934
1,0,13.98,0.36162161549099586
0,0,21.14,0.42229574792582836
1,0,12.71,0.48238114652765757
0,0,27.99,0.14077545638890915
0,0,23.99,0.4618275675037469
0,0,11.89,0.2736056645996403
1,1,12.69,0.681928535904495
1,1,33.58,0.8461794990121502
1,0,11.98,0.2732808825329898
1,1,,0.9340017503824602
1,0,85.99,0.2662801848858082
0,0,7.98,0.11644025005738058
1,0,13.98,0.4438599823291471
1,0,106.99,0.2577525852233931
0,0,11.37,0.38395703576429346
1,1,7.07,0.7553550076163849
0,0,,0.10772682718178883
1,1,16.75,0.7895546025157412
0,0,22.93,0.1719805948135906
1,1,120.49,0.7487149137337045
1,1,12.98,0.6514624188363324
1,1,14.11,0.8570973143972515
1,1,309.99,0.9380501436340106
1,1,20.69,0.7573989494766835
0,0,14.98,0.2739780667494983
1,1,14.98,0.8871926416699552
0,0,12.87,0.3531233026994169
1,1,13.98,0.677087139173884
0,0,15.45,0.317723473397804
0,1,,0.7405573615123993
0,0,9.79,0.20820661613704516
0,0,12.98,0.296777016715949
1,0,21.89,0.3888701936182545
1,1,19.59,0.8314791945527533
0,0,18.45,0.3974025028946928
1,1,,0.8051464126807715
1,1,,0.725498040992637
1,1,14.84,0.6226616040953445
1,1,14.98,0.7089227860737615
0,0,,0.21709510827106343
1,1,14.99,0.8449782647950969
0,0,95.0,0.10597435539002856
0,0,49.99,0.37323015318040403
1,0,13.99,0.457594427543384
0,0,12.98,0.2734400864041114
0,0,12.39,0.17418433712608838
1,1,13.08,0.5681146226360759
1,1,15.49,0.5416354784602345
1,0,17.0,0.43188484172342406
0,0,13.98,0.19070289132831328
1,0,10.99,0.11658789191933351
0,1,19.39,0.7571976413308483
0,0,23.26,0.09903227346671716
0,0,14.98,0.26151075645207744
1,0,17.76,0.32276822161082097
0,0,12.32,0.2810089802469993
0,0,10.98,0.13940040486652736
0,0,34.7,0.4344380629219768
1,1,18.98,0.7120606225946355
1,0,11.0,0.16940748859878862
0,1,22.99,0.6791621371014839
1,1,29.82,0.8629935396557243
0,0,9.99,0.3599027154975827
0,1,19.98,0.6685133458308217
0,0,15.99,0.22303525714225492
0,1,16.88,0.5665678555611738
1,1,92.99,0.8225738393758346
0,1,,0.6593778245911226
0,0,9.35,0.20307153881530676
0,0,3.57,0.2039150828979011
1,1,15.75,0.6102858052676531
1,1,,0.8076524527108437
1,0,16.99,0.49574403653754967
0,0,4.49,0.13236739204251477
0,0,,0.29840471289618015
0,0,9.49,0.2861543558670196
1,1,14.27,0.7269132349823928
0,0,6.59,0.1351629255981901
0,0,20.0,0.19399289257093758
0,1,,0.6711795267614346
0,0,11.58,0.3240914187586127
1,1,23.44,0.9248752816156913
1,1,30.97,0.7312473390566383
0,1,11.99,0.7957029966856249
0,0,7.98,0.17177693065136432
1,1,13.88,0.8551833947792173
1,0,,0.3266336273469741
0,0,7.98,0.24515679134849042
1,0,19.97,0.4895589077714806
0,1,21.01,0.8132394557090833
0,1,31.99,0.6360256245706505
0,0,21.98,0.317174369330915
1,1,30.99,0.8732250725433877
0,1,,0.9299492244628194
0,1,21.18,0.6597779245377196
1,0,,0.48341186651425033
1,0,,0.23845860143014525
0,0,7.99,0.2511988054613228
0,0,,0.24562121351347369
0,0,13.98,0.2478717081864459
1,1,28.49,0.8204245369239888
0,0,37.97,0.17553843825481508
1,0,17.03,0.1232322889564881
1,1,19.55,0.742132139759659
0,1,,0.8645769131534342
0,0,,0.17505934568702594
